analytics,libswresample-ffmpeg1, 50804,145,38
analytics,libavformat-dev, 933684,31,30
analytics,librrd4, 182014,2,2
analytics,node-npmlog, 5844,10,5
analytics,rsyslog, 362250,1,1
analytics,libldb1, 108120,5,1
analytics,libghc-regex-posix-dev-0.95.2-74eb9,,1,1
analytics,x11proto-gl-dev, 17892,25,12
analytics,racket-common, 40734080,2,2
analytics,tdb-tools, 21108,1,1
analytics,libsoxr0, 101230,49,38
analytics,python-setuptools-whl, 122092,6,3
analytics,erlang-debugger, 400436,4,2
analytics,libnunit-core2.6.3-cil, 51602,9,3
analytics,libxtst-dev, 16996,5,5
analytics,fonts-gfs-didot, 277904,1,1
analytics,tclsh,,1,1
analytics,libmono-sqlite2.0-cil, 55232,10,4
analytics,libreadline6, 117498,645,202
analytics,emacs24-nox, 2972690,2,2
analytics,libqt4-scripttools, 224398,5,5
analytics,erlang-et, 151060,4,2
analytics,libghc-syb-dev, 93340,1,1
analytics,x11proto-bigreqs-dev, 12776,5,5
analytics,imagemagick-6.q16, 390730,1,1
analytics,libffi-dev, 162456,4,3
analytics,libboost-date-time-dev, 2802,30,30
analytics,libmono-system-net-http-webrequest4.0-cil, 14212,3,3
analytics,ruby1.9.1,,4,4
analytics,freeglut3-dev, 123114,1,1
analytics,libmono-system-dynamic4.0-cil, 44234,3,3
analytics,libwrap0, 46166,87,65
analytics,libopencv-ocl2.4v5, 457516,60,30
analytics,erlang-megaco, 5469582,2,2
analytics,mono-mcs, 490192,3,3
analytics,libdrm-intel1, 55252,133,75
analytics,libmono-system-security4.0-cil, 55270,25,4
analytics,libmono-i18n2.0-cil, 267858,3,3
analytics,libavformat56,,27,9
analytics,libavutil54,,63,9
analytics,libstdc++6-armel-cross, 188248,3,1
analytics,libmono-system-configuration4.0-cil, 54316,134,4
analytics,libsisu-inject-java, 345064,2,2
analytics,libv4l-0, 41120,35,31
analytics,libghc-deepseq-dev-1.3.0.2-93178,,8,1
analytics,libubsan0-armel-cross, 86950,2,1
analytics,libxfont1, 94716,186,111
analytics,libboost-mpi-python1.58.0, 219004,28,28
analytics,libflac8, 210396,73,55
analytics,node-lru-cache, 5674,15,5
analytics,libapr1, 85958,24,7
analytics,libc6-armel-cross, 964818,14,1
analytics,qtchooser, 22068,9,5
analytics,libcdi-api-java, 31906,4,2
analytics,libmono-winforms2.0-cil, 895092,7,4
analytics,gcc-5-base, 16714,7596,294
analytics,libccolamd2.8.0, 23254,8,4
analytics,libxcomposite-dev, 9954,41,40
analytics,libmono-cecil-private-cil, 118302,15,3
analytics,node-block-stream, 4832,10,5
analytics,m4, 193100,38,23
analytics,libxxf86dga1, 13706,37,32
analytics,mono-runtime-sgen, 4178704,16,4
analytics,libjs-excanvas, 45152,8,8
analytics,dconf-service, 27092,2,2
analytics,libavahi-common-dev, 36558,2,2
analytics,xkb-data, 296870,16,9
analytics,libgcrypt20, 335082,69,56
analytics,tzdata-java, 69140,55,40
analytics,libmono-i18n-cjk4.0-cil, 237672,3,3
analytics,gir1.2-gdkpixbuf-2.0, 8090,72,35
analytics,libapt-pkg4.16, 636794,173,43
analytics,intltool-debian, 24506,5,3
analytics,libmono-system-web-mvc1.0-cil, 71638,3,3
analytics,libxkbcommon-dev, 231250,9,5
analytics,libxapian22v5, 585024,1,1
analytics,libmono-security4.0-cil, 109960,74,4
analytics,libghc-random-dev, 136484,1,1
analytics,libpixman-1-dev, 252754,47,42
analytics,mpi-default-bin, 3392,28,28
analytics,libghc-parallel-dev, 45184,1,1
analytics,x11proto-xf86vidmode-dev, 6116,23,12
analytics,libghc-network-dev-2.6.2.1-8e3df,,1,1
analytics,libghc-unix-dev-2.7.0.1-23487,,2,1
analytics,libopencv-contrib2.4v5, 297968,61,30
analytics,libswscale-ffmpeg3, 128482,81,38
analytics,libfltk-gl1.3, 37150,3,2
analytics,libsigsegv2, 14062,39,23
analytics,gs-cjk-resource,,8,4
analytics,libgstreamer1.0-0, 729052,8,4
analytics,libmono-system-web-http4.0-cil, 119564,9,3
analytics,libmono-system-web-http-selfhost4.0-cil, 40112,3,3
analytics,libkdc2-heimdal, 54748,1,1
analytics,libspatial4j-0.4-java, 96260,1,1
analytics,libswscale3,,18,9
analytics,libevent-extra-2.0-5, 51338,7,7
analytics,libqt4-test, 61672,5,5
analytics,libjsch-java, 267030,11,7
analytics,libpotrace0, 17778,6,2
analytics,libbatteries-ocaml-doc, 617680,2,2
analytics,libhogweed4, 134848,883,235
analytics,libxft2, 36120,161,68
analytics,libmircommon5, 87194,16,7
analytics,fonts-sil-gentium-basic, 379134,1,1
analytics,libmono-system-identitymodel-selectors4.0-cil, 15516,6,3
analytics,libmono-web4.0-cil, 17936,11,4
analytics,libcupsimage2, 16254,8,4
analytics,libglib2.0-data, 128582,48,41
analytics,libjson-glib-1.0-common, 5876,2,2
analytics,fonts-freefont-ttf, 4140296,175,111
analytics,sensible-utils, 10502,381,164
analytics,libmono-system-json4.0-cil, 20836,3,3
analytics,libmono-system-windows-forms-datavisualization4.0a-cil, 49876,3,3
analytics,libusb-0.1-4, 16926,41,34
analytics,libhdf5-openmpi-10, 1054280,1,1
analytics,libqtwebkit4, 9009072,4,4
analytics,libghc-haskell-src-dev, 628642,1,1
analytics,x11proto-resource-dev, 10662,15,5
analytics,python-ply-yacc-3.5,,1,1
analytics,erlang, 14670,2,2
analytics,libgdiplus, 139686,38,4
analytics,python3-pkg-resources, 41350,28,11
analytics,libice-dev, 44894,60,44
analytics,node-retry, 6172,5,5
analytics,libssl-dev, 1347070,10,10
analytics,libmono-corlib4.0-cil, 798720,3,3
analytics,libacl1, 16340,34,27
analytics,libboost-random1.58-dev, 10930,28,28
analytics,node-slide, 6118,5,5
analytics,libboost-atomic-dev, 3106,28,28
analytics,libjsoup-java, 298002,9,7
analytics,libpam0g, 58110,719,155
analytics,libblas3, 160660,268,58
analytics,gir1.2-gst-plugins-base-0.10, 99220,1,1
analytics,alex, 471660,1,1
analytics,libboost1.58-tools-dev, 1140798,28,28
analytics,liblqr-1-0, 23644,3,2
analytics,libltdl-dev, 157658,30,29
analytics,libavresample-dev, 61486,1,1
analytics,adduser, 161698,74,58
analytics,openmpi-common, 101148,57,28
analytics,libmemcached11, 83978,1,1
analytics,x11proto-xf86bigfont-dev, 4784,10,5
analytics,linux-libc-dev, 810804,550,158
analytics,libegl1-mesa-dev, 18226,4,2
analytics,libxfixes-dev, 10916,238,42
analytics,python-newt, 18686,1,1
analytics,libboost-thread-dev, 2822,30,30
analytics,libdmx-dev, 34380,5,5
analytics,libstdc++-5-dev, 1423386,1042,114
analytics,fonts-cabin, 140194,1,1
analytics,liblcms2-2, 136966,103,48
analytics,node-read, 4314,5,5
analytics,install-info, 51232,1116,238
analytics,libboost-python1.58.0, 121068,57,29
analytics,libopencv-core2.4v5, 676592,629,34
analytics,libotf0, 44222,6,2
analytics,libass5, 71174,6,5
analytics,libbz2-1.0, 30834,1982,271
analytics,libmono-system-numerics4.0-cil, 23512,8,3
analytics,lib32quadmath0, 203320,26,7
analytics,openssl, 513306,194,130
analytics,libmono-microsoft-build-utilities-v4.0-4.0-cil, 31046,15,3
analytics,libgl1,,272,72
analytics,fonts-crosextra-caladea, 82310,1,1
analytics,libjpeg-dev, 1546,71,38
analytics,libm17n-0, 240398,4,2
analytics,libffms2-4, 56864,1,1
analytics,libopencv-flann2.4v5, 107724,123,30
analytics,python-distlib, 112180,65,65
analytics,erlang-syntax-tools, 322154,8,2
analytics,libsdl2-2.0-0, 324102,2,2
analytics,gcc-mingw-w64-i686, 23620284,2,1
analytics,libopencv-calib3d-dev, 239200,210,30
analytics,gcc-arm-linux-gnueabi, 1174,1,1
analytics,libavdevice55,,9,9
analytics,libmono-relaxng4.0-cil, 79966,6,3
analytics,gyp, 200956,5,5
analytics,node-forever-agent, 3194,5,5
analytics,libheimntlm0-heimdal, 15120,358,222
analytics,libmono-system-reactive-runtime-remoting2.2-cil, 13962,3,3
analytics,libavcodec56,,36,9
analytics,python3-apt, 141530,61,29
analytics,nodejs-dev, 168506,5,5
analytics,libjsch-agent-proxy-java, 32922,2,2
analytics,gnupg, 623980,41,34
analytics,netcat-traditional, 60678,10,10
analytics,python-chardet, 96170,65,65
analytics,libv4lconvert0, 76508,37,31
analytics,libmono-system-drawing4.0-cil, 143430,60,4
analytics,node-archy, 3660,5,5
analytics,libmono-microsoft-build-tasks-v4.0-4.0-cil, 66878,4,3
analytics,libfreetype6, 311988,1371,118
analytics,libmono-microsoft-visualbasic10.0-cil, 91340,4,4
analytics,node-sigmund, 3818,5,5
analytics,libpython2.7, 1063900,195,69
analytics,x11proto-kb-dev, 224462,80,46
analytics,libmonoboehm-2.0-1, 1238730,3,3
analytics,node-ini, 4770,5,5
analytics,libemail-valid-perl, 16452,1,1
analytics,ubuntu-mono, 176072,2,2
analytics,libfltk1.3, 501172,6,2
analytics,libterm-readkey-perl, 28086,7,7
analytics,libtdb1, 37780,7,1
analytics,libmono-system-runtime-serialization4.0-cil, 117108,39,3
analytics,ncurses-bin, 138536,6,4
analytics,java-wrappers, 9456,1,1
analytics,automaken,,1,1
analytics,bsh, 4402,7,7
analytics,qdbus, 30078,5,5
analytics,python-sqlite, 20880,2,2
analytics,gsfonts-x11, 9108,174,111
analytics,libpcsclite1, 21384,68,40
analytics,lib32gfortran3, 250306,3,3
analytics,libmono-system-data-linq4.0-cil, 155762,21,3
analytics,python-apt-common, 18328,65,29
analytics,libghc-text-dev, 1040422,1,1
analytics,libsoup-gnome2.4-1, 5038,2,2
analytics,libcamd2.3.1, 21894,5,4
analytics,fonts-linuxlibertine, 1687598,1,1
analytics,libtexluajit2, 213382,6,2
analytics,fonts-junicode, 641846,1,1
analytics,libc6-i386, 2271928,113,7
analytics,libghc-transformers-dev,,1,1
analytics,mysql-common, 14678,32,14
analytics,libllvm3.6v5, 8083136,134,78
analytics,mingw-w64-x86-64-dev, 3165842,1,1
analytics,libnetbeans-cvsclient-java, 348516,2,2
analytics,libmono-sharpzip4.84-cil, 58382,6,3
analytics,libkeyutils1, 9636,491,234
analytics,python3-dbus, 83294,28,28
analytics,libserf-1-1, 45482,2,2
analytics,node-request, 14484,10,5
analytics,libplexus-cli-java, 9700,2,2
analytics,libgdk-pixbuf2.0-common, 10086,72,59
analytics,erlang-public-key, 502922,6,2
analytics,libguice-java, 596622,2,2
analytics,node-cookie-jar, 3746,5,5
analytics,libmono-oracle4.0-cil, 64630,3,3
analytics,libflite1, 13117828,6,5
analytics,libopencv-highgui-dev, 132080,240,30
analytics,patch, 90382,179,100
analytics,libboost-graph-parallel-dev, 2942,28,28
analytics,python-apt, 143216,4,4
analytics,libmono-sharpzip2.6-cil, 49754,3,3
analytics,apache2-utils, 82884,4,4
analytics,libidn11, 92990,440,233
analytics,libio-socket-ssl-perl, 151044,1,1
analytics,libboost-wave1.58.0, 185628,28,28
analytics,libboost-test1.58.0, 188486,28,28
analytics,fonts-gfs-solomos, 40722,1,1
analytics,libopenal1, 164340,5,5
analytics,gcc-5, 6707942,575,135
analytics,fonts-roboto, 367808,1,1
analytics,libmono-cscompmgd8.0-cil, 16020,3,3
analytics,libxss-dev, 12716,7,5
analytics,libfontenc-dev, 13806,10,5
analytics,libopts25, 57834,6,4
analytics,python-colorama-whl, 21196,3,3
analytics,libmono-system-core4.0-cil, 250096,193,4
analytics,libunwind8, 48514,30,30
analytics,libhtml-parser-perl, 90448,1,1
analytics,glib-networking-common, 10836,4,2
analytics,libboost-math1.58-dev, 740774,28,28
analytics,libattr1, 9756,1431,270
analytics,libmono-debugger-soft2.0a-cil, 56924,3,3
analytics,binfmt-support, 49512,2,2
analytics,libmono-system-web-mvc3.0-cil, 139778,3,3
analytics,java2-runtime,,5,5
analytics,libavc1394-0, 19996,5,5
analytics,sip-api-11.2,,4,4
analytics,libopencv-stitching2.4v5, 178896,30,30
analytics,x11proto-fixes-dev, 14248,154,42
analytics,libjasper-dev, 521480,31,31
analytics,zlib1g-dev, 167514,347,88
analytics,fp-units-rtl-2.6.4, 1586624,1,1
analytics,node-async, 22216,5,5
analytics,libzvbi0, 236770,93,38
analytics,python-configobj, 34184,3,3
analytics,libhdf5-cpp-10, 94162,35,34
analytics,libhwloc5, 88676,58,28
analytics,libmirclient9, 149076,9,7
analytics,libcv-dev, 4194,30,30
analytics,liblmdb0, 42114,27,27
analytics,gir1.2-pango-1.0, 20950,72,35
analytics,node-inherits, 3060,30,5
analytics,libmono-system-runtime2.0-cil, 64420,17,4
analytics,libmono-entityframework6.0-cil, 1101198,6,3
analytics,java7-runtime-headless,,6,6
analytics,libxdamage1, 6946,241,76
analytics,libbsh-java, 264220,7,7
analytics,libbluray1, 126464,44,38
analytics,netbase, 12906,7,5
analytics,libaudit-common, 4080,355,155
analytics,icu-devtools, 168136,54,50
analytics,apache2-data, 160048,4,4
analytics,libgmp-dev, 315584,15,9
analytics,libsemanage1, 71182,337,149
analytics,libfontconfig1-dev, 640896,120,43
analytics,libsnappy1v5, 15992,56,29
analytics,krb5-multidev, 113770,4,4
analytics,libghc-network-uri-dev-2.6.0.3-38d3e,,1,1
analytics,libsvn1, 946574,2,2
analytics,php5-json, 18210,4,3
analytics,libopencv-superres2.4v5, 69544,30,30
analytics,libx32ubsan0, 102088,20,7
analytics,libfontenc1, 13898,392,111
analytics,libkadm5srv-mit9, 51150,4,4
analytics,libmono-i18n-other4.0-cil, 19422,3,3
analytics,nodejs, 683742,243,6
analytics,liblucene4.10-java, 21076652,1,1
analytics,file-rc,,82,73
analytics,libwayland-egl1-mesa, 6532,6,4
analytics,libaspell15, 335258,1,1
analytics,libmono-system-runtime-caching4.0-cil, 30976,6,3
analytics,libmono-corlib2.0-cil, 728402,226,4
analytics,libmono-i18n-rare4.0-cil, 34038,3,3
analytics,lib32gcc1, 46242,63,7
analytics,qt4-linguist-tools, 848894,1,1
analytics,comerr-dev, 38458,7,4
analytics,node-node-uuid, 2530,5,5
analytics,make, 148946,256,100
analytics,libavcodec-ffmpeg56, 3944706,135,38
analytics,libcairo2-dev, 588960,72,35
analytics,cli-common, 171266,19,3
analytics,python-samba, 877066,2,1
analytics,libnet-ip-perl, 31546,1,1
analytics,libboost-iostreams-dev, 2790,28,28
analytics,libruby2.1, 3075636,11,10
analytics,libmagickcore-6.q16-2, 1567088,8,2
analytics,libogg-dev, 155730,4,2
analytics,libavahi-common-data, 21112,111,81
analytics,libmono-parallel4.0-cil, 25070,3,3
analytics,liblist-moreutils-perl, 70252,1,1
analytics,gdc-5, 6306338,1,1
analytics,libghc-cabal-dev, 3748860,1,1
analytics,libsisu-plexus-java, 181960,2,2
analytics,libhx509-5-heimdal, 107246,359,222
analytics,libopencv-ocl-dev, 518322,60,30
analytics,libnetfilter-conntrack3, 45872,1,1
analytics,python-colorama, 21398,65,65
analytics,readline-common, 51566,566,202
analytics,libdbi-perl, 772350,14,7
analytics,libavahi-client-dev, 30546,2,2
analytics,fonts-gfs-neohellenic, 215030,1,1
analytics,libmono-cairo4.0-cil, 30706,3,3
analytics,libboost-python-dev, 3176,28,28
analytics,erlang-dev, 333104,2,2
analytics,libmono-system-json-microsoft4.0-cil, 31006,3,3
analytics,libmaven3-core-java, 1440834,2,2
analytics,lib32atomic1, 8722,20,7
analytics,libboost-atomic1.58-dev, 5038,58,30
analytics,libmono-tasklets4.0-cil, 13654,3,3
analytics,libtevent0, 25110,6,1
analytics,fonts-ebgaramond-extra, 933478,1,1
analytics,libghc-fgl-dev, 331978,1,1
analytics,libnunit-framework2.6.3-cil, 44772,6,3
analytics,tmux, 219632,1,1
analytics,libboost-locale-dev, 3138,28,28
analytics,libglu1-mesa-dev, 269502,4,3
analytics,libapt-inst1.7, 58018,77,34
analytics,libmono-system-xaml4.0-cil, 82350,6,3
analytics,libmono-system-design4.0-cil, 107808,10,4
analytics,libbsd-dev, 124764,64,62
analytics,libopencv-calib3d2.4v5, 218904,213,30
analytics,libclang-common-3.6-dev, 701460,4,4
analytics,libboost-graph-parallel1.58-dev, 79126,28,28
analytics,junit4, 281186,6,4
analytics,libsynctex1, 41606,6,2
analytics,python3-urllib3, 56340,7,7
analytics,fonts-stix, 588104,1,1
analytics,openssh-client, 601118,22,9
analytics,libghc-hashable-dev, 41556,1,1
analytics,gfortran-5-multilib, 968,3,3
analytics,libkrb5-3, 274524,577,234
analytics,python3-pycurl, 35980,28,28
analytics,libqt4-qt3support, 1059822,2,1
analytics,nginx-extras, 593616,6,6
analytics,libmagic1, 211078,34,28
analytics,libksba8, 89856,1,1
analytics,libpostproc-dev, 48670,1,1
analytics,octave-common, 1284218,3,2
analytics,libcdio13, 54398,28,14
analytics,libxcb-glx0, 21650,126,73
analytics,node-gyp, 19434,5,5
analytics,tesseract-ocr-equ, 567740,1,1
analytics,libopencv-core-dev, 837438,240,30
analytics,libjbig-dev, 24758,5,5
analytics,libboost-signals1.58-dev, 34526,28,28
analytics,libbsd0, 34938,287,151
analytics,libapache-pom-java, 4022,16,8
analytics,libxcb1, 40138,1448,109
analytics,libmodplug1, 152800,44,38
analytics,libopencv-features2d-dev, 258044,150,30
analytics,libplexus-classworlds2-java, 46722,6,2
analytics,libghc-ghc-prim-dev-0.3.1.0-ec14d,,4,1
analytics,libboost-chrono1.58.0, 13176,58,30
analytics,gcc-mingw-w64-x86-64, 23725340,2,1
analytics,git, 2951026,9,9
analytics,libpciaccess0, 18106,125,75
analytics,python-pycurl, 35988,6,6
analytics,libxcb-shape0-dev, 6960,13,9
analytics,libopencore-amrwb0, 45818,45,38
analytics,ruby2.1, 73880,7,7
analytics,happy, 459076,1,1
analytics,update-inetd, 19208,1,1
analytics,libmono-peapi2.0a-cil, 43960,6,3
analytics,libharfbuzz-icu0, 5282,42,37
analytics,python3-chardet, 96162,8,8
analytics,libatk-wrapper-java-jni, 27432,30,25
analytics,libboost-test1.58-dev, 231696,84,28
analytics,libxml-commons-resolver1.1-java, 91600,9,9
analytics,libnunit-core-interfaces2.6.3-cil, 22016,12,3
analytics,libboost-mpi1.58-dev, 148002,56,28
analytics,libopus0, 156804,102,46
analytics,libopencv-imgproc2.4v5, 632410,499,34
analytics,libgtk-3-bin, 48096,2,2
analytics,libaprutil1-dev, 353606,1,1
analytics,libcdio-paranoia1, 15412,14,14
analytics,cpp-arm-linux-gnueabi, 2626,3,1
analytics,libxss1, 8582,15,10
analytics,libmpfr4, 189762,892,142
analytics,libghc-template-haskell-dev-2.9.0.0-c1976,,1,1
analytics,fonts-lobstertwo, 92738,1,1
analytics,gcc-5-cross-base, 10474,9,1
analytics,libghc-http-dev, 398878,1,1
analytics,java2-runtime-headless,,14,8
analytics,libwebp5, 164654,99,40
analytics,libpython3.5-stdlib, 2136674,9,8
analytics,libgconf-2-4, 85098,4,2
analytics,liboctave3, 6913058,4,2
analytics,libjemalloc1, 77262,7,7
analytics,erlang-ic, 815572,2,2
analytics,emacs24-bin-common, 105240,7,3
analytics,dnsmasq-base, 294570,1,1
analytics,xserver-xorg-dev, 199836,5,5
analytics,libnetty-3.9-java, 1065812,1,1
analytics,librsvg2-2, 91300,6,2
analytics,libdbd-mysql-perl, 88638,7,7
analytics,ubuntu-keyring, 16738,40,33
analytics,libqt4-help, 207156,5,5
analytics,libghc-primitive-dev, 84972,1,1
analytics,libcdt5, 23350,16,3
analytics,libstdc++-4.8-dev, 1052702,37,32
analytics,erlang-test-server, 267406,4,2
analytics,libsecret-common, 4360,1,1
analytics,libaopalliance-java, 9214,4,2
analytics,libjbig0, 26562,132,77
analytics,cpp-5-arm-linux-gnueabi, 5761218,4,1
analytics,base-passwd, 56258,2,2
analytics,libevent-2.0-5, 112550,9,9
analytics,node-tar, 17484,10,5
analytics,libopenmpi-dev, 378334,29,28
analytics,libx264-142,,9,9
analytics,libslang2, 412978,41,26
analytics,libx264-146, 603776,94,38
analytics,libodbc1, 176424,6,6
analytics,libsystemd0, 200400,256,119
analytics,libcvaux-dev, 3374,30,30
analytics,python3.4-minimal, 1483102,140,54
analytics,libopencv-objdetect2.4v5, 190806,153,30
analytics,libboost1.58-dev, 6233784,754,31
analytics,libxbean-java, 816006,9,7
analytics,python-setuptools, 170878,65,65
analytics,libunistring0, 279352,11,7
analytics,erlang-eunit, 133620,2,2
analytics,libxau-dev, 11088,135,46
analytics,liblzma5, 80310,673,172
analytics,libxcomposite1, 7714,145,66
analytics,libopencv-legacy2.4v5, 406730,31,30
analytics,libmono-windowsbase4.0-cil, 62934,6,3
analytics,libfribidi0, 25058,14,7
analytics,libboost-system1.58.0, 9102,259,35
analytics,libintl-perl, 804786,7,6
analytics,libboost-log1.58-dev, 533524,28,28
analytics,libconfig-file-perl, 9722,1,1
analytics,perlapi-5.20.1,,1,1
analytics,perlapi-5.20.0,,10,9
analytics,perlapi-5.20.2,,35,20
analytics,libxml-sax-perl, 64596,7,6
analytics,libglib2.0-bin, 39446,48,41
analytics,hardening-includes, 13694,1,1
analytics,libpcre3-dev, 520426,48,41
analytics,libk5crypto3, 83484,998,234
analytics,libmirclient-dev, 23348,14,5
analytics,node-mkdirp, 4690,15,5
analytics,libfaac0, 50916,1,1
analytics,libxcb-shm0, 5766,147,73
analytics,libgssrpc4, 54810,16,4
analytics,libghc-gluraw-dev, 78482,1,1
analytics,libqrupdate1, 37574,3,2
analytics,libqt4-opengl, 302216,7,6
analytics,collectd-core, 723278,2,2
analytics,libplexus-container-default-java, 153174,32,7
analytics,libgsl0ldbl, 805608,4,4
analytics,libpam-runtime, 39778,13,12
analytics,libgstreamer-plugins-base0.10-0, 443064,1,1
analytics,python-requests-whl, 300252,3,3
analytics,g++-5, 15294278,975,114
analytics,gawk, 392766,1,1
analytics,libgles2-mesa-dev, 28032,2,2
analytics,golang-go, 24125508,8,4
analytics,mercurial-common, 1700622,8,8
analytics,erlang-xmerl, 967322,8,2
analytics,libgcc-4.8-dev, 1688924,39,32
analytics,pinentry-curses, 31714,1,1
analytics,libp11-kit0, 107080,487,234
analytics,libmono-system-drawing-design4.0-cil, 21032,14,4
analytics,python3.5-minimal, 1555106,9,8
analytics,libhtml-tagset-perl, 13536,1,1
analytics,libaprutil1-dbd-mysql, 12548,4,4
analytics,libghc-hashable-dev-1.2.3.3-81df5,,2,1
analytics,libjs-inherits, 2794,5,5
analytics,texlive-binaries, 9454732,19,2
analytics,libmono-system-web-razor2.0-cil, 93446,12,3
analytics,libcgi-pm-perl, 190538,1,1
analytics,libudev-dev, 18976,2,2
analytics,node-read-package-json, 7780,5,5
analytics,libldap-2.4-2, 161514,368,222
analytics,libcholmod2.1.2, 280826,13,4
analytics,perl, 2617488,537,179
analytics,samba-common-bin, 493398,1,1
analytics,libjpeg8, 2194,573,105
analytics,libtiff-dev,,31,31
analytics,emacsen-common, 17556,6,5
analytics,libguava-java, 1980392,15,7
analytics,libhamcrest-java, 372528,4,4
analytics,libmono-i18n-west2.0-cil, 30668,13,4
analytics,libkdb5-8, 37316,4,4
analytics,libboost-context1.58.0, 18980,28,28
analytics,libghc-unordered-containers-dev, 173082,1,1
analytics,libbabeltrace-ctf1, 89264,2,2
analytics,binutils-arm-linux-gnueabi, 2419984,2,1
analytics,libprocps3, 31660,65,61
analytics,python-sqlitecachec, 21440,2,2
analytics,libphobos-dev, 3158,1,1
analytics,libghc-regex-base-dev, 58938,1,1
analytics,node-graceful-fs, 7102,15,5
analytics,libmono-cairo2.0-cil, 28352,3,3
analytics,libtasn1-6, 42700,485,234
analytics,libltdl7, 35306,112,46
analytics,python2.7:any, 209794,71,40
analytics,libmono-system-ldap-protocols4.0-cil, 29838,3,3
analytics,libwind0-heimdal, 47740,714,222
analytics,erlang-typer, 54172,2,2
analytics,libqt4-svg, 138708,5,5
analytics,base-files, 59750,186,102
analytics,liblapack3, 1843850,132,53
analytics,libbind9-90, 22706,6,3
analytics,libxcb-xfixes0-dev, 11240,13,9
analytics,libaudit1, 35216,1398,155
analytics,python-pycparser, 57932,1,1
analytics,heimdal-hdb-api-8,,1,1
analytics,libfftw3-single3, 749412,10,4
analytics,libvorbis0a, 87270,223,86
analytics,libbabeltrace1, 35662,4,2
analytics,node-qs, 7574,5,5
analytics,texlive-fonts-recommended, 5704474,2,2
analytics,libcxsparse3.1.2, 61456,6,2
analytics,libpython3.4, 1289622,30,16
analytics,xfonts-utils, 75276,174,111
analytics,libqhull6, 148868,3,2
analytics,libestr0, 7348,2,1
analytics,libnunit-util2.6.3-cil, 44802,6,3
analytics,libxml-commons-external-java, 245248,9,9
analytics,libopencv-core2.4,,18,9
analytics,libgs9, 2061740,8,4
analytics,liblapacke, 300910,3,3
analytics,ghc, 35577036,3,1
analytics,libexpat1, 71438,1278,246
analytics,libghc-syb-dev-0.4.4-88072,,1,1
analytics,libncurses5, 96060,75,65
analytics,libwmf0.2-7, 145904,6,3
analytics,openjdk-7-jre, 173272,27,17
analytics,libjs-jquery, 68984,9,5
analytics,libboost-context-dev, 2994,28,28
analytics,libaprutil1-ldap, 8788,4,4
analytics,libatk-wrapper-java, 34014,30,25
analytics,libncursesw5, 122280,599,218
analytics,libx11-xcb1, 8956,162,75
analytics,libpoppler52, 749282,7,2
analytics,libmono-microsoft-build-engine4.0-cil, 87266,10,3
analytics,libpython3-stdlib, 7014,66,47
analytics,c-compiler,,17,17
analytics,gconf-service-backend, 57522,2,2
analytics,libmono-management4.0-cil, 15028,3,3
analytics,libopenexr-dev, 702134,30,30
analytics,libsndfile1, 137396,75,55
analytics,libdc1394-22-dev, 106072,30,30
analytics,libboost-wave-dev, 2836,28,28
analytics,libpcrecpp0v5, 15384,55,44
analytics,python3-debian, 43812,1,1
analytics,libgtk-3-common, 196222,4,2
analytics,openjdk-7-jre-headless, 39747944,102,40
analytics,libplexus-ant-factory-java, 11230,7,7
analytics,nginx-core, 380526,6,6
analytics,emacs24-common, 12648702,3,3
analytics,psmisc, 47250,8,3
analytics,libv8-3.14.5, 1189430,34,21
analytics,libfontconfig1, 126516,930,111
analytics,ttf-bitstream-vera, 351754,174,111
analytics,libxerces2-java, 1362252,9,9
analytics,mysql-client-core-5.6, 4034718,7,7
analytics,fonts-freefont-otf, 3067628,1,1
analytics,libasound2-data, 28422,54,44
analytics,libtbb2, 111616,250,42
analytics,libpq5, 76194,7,7
analytics,libjdom1-java, 150448,3,3
analytics,libglu1-mesa, 195026,53,42
analytics,libopencv2.4-java, 432780,30,30
analytics,libdrm-dev, 194264,33,12
analytics,libavfilter-ffmpeg5, 468980,11,5
analytics,libboost-wave1.58-dev, 244122,28,28
analytics,libutempter0, 8020,2,2
analytics,libhdf5-openmpi-dev, 4804952,1,1
analytics,libnunit-mocks2.6.3-cil, 6906,3,3
analytics,node-combined-stream, 4958,5,5
analytics,libpcre3, 220412,1957,270
analytics,fonts-dejavu-extra, 1748684,1,1
analytics,libmono-microsoft-visualbasic8.0-cil, 92114,4,4
analytics,libxaw7-dev, 230524,5,5
analytics,erlang-common-test, 728874,2,2
analytics,dictionaries-common, 193328,1,1
analytics,libcolamd2.8.0, 17708,11,4
analytics,libzvbi-common, 32404,49,38
analytics,libmono-system-runtime-serialization-formatters-soap4.0-cil, 25510,23,4
analytics,libclassworlds-java, 39336,14,7
analytics,librsvg2-common, 5038,2,2
analytics,nginx-full, 422326,6,6
analytics,fontconfig-config, 48712,266,111
analytics,yum, 486002,1,1
analytics,libcurl3, 185802,55,53
analytics,fonts-gfs-artemisia, 259808,1,1
analytics,python-pyxattr, 30182,1,1
analytics,libthai-data, 130744,81,65
analytics,libmono-system-data-datasetextensions4.0-cil, 20548,3,3
analytics,libnss3, 1132950,190,43
analytics,x11proto-composite-dev, 10462,46,40
analytics,libmono-system-net-http-formatting4.0-cil, 170992,9,3
analytics,libmng2, 169010,8,7
analytics,libffi6, 17754,1497,266
analytics,libmono-system-net4.0-cil, 14278,3,3
analytics,libasm3-java, 669092,3,3
analytics,node-abbrev, 3592,10,5
analytics,librpm3, 154944,22,3
analytics,libx32quadmath0, 134164,20,7
analytics,libportaudio2, 63890,3,2
analytics,libopencv-gpu2.4v5, 42378,90,30
analytics,libgl1-mesa-dev, 5244,12,8
analytics,libghc-regex-posix-dev, 126554,1,1
analytics,librelp0, 30350,1,1
analytics,libgraphite2-3, 54622,99,70
analytics,libbatteries-ocaml-dev, 3062212,2,2
analytics,libleveldb1v5, 132092,27,27
analytics,libplexus-utils-java, 209550,71,7
analytics,libxcb-render0, 11638,155,71
analytics,libpangoft2-1.0-0, 33446,266,65
analytics,libphobos-5-dev, 6834618,2,1
analytics,libopenblas-base, 3371426,11,11
analytics,hicolor-icon-theme, 7750,7,2
analytics,groovy2, 11101980,1,1
analytics,libboost-graph-parallel1.58.0, 72576,28,28
analytics,libfakeroot, 25510,1,1
analytics,libegl1-mesa, 64412,6,4
analytics,libassuan0, 33362,3,1
analytics,libhdf5-10, 1033714,77,35
analytics,x11proto-scrnsaver-dev, 24988,17,5
analytics,libboost-atomic1.58.0, 7138,30,30
analytics,libgirepository-1.0-1, 89438,204,62
analytics,debhelper, 731820,4,3
analytics,fonts-sil-gentium, 238252,1,1
analytics,libmono-custommarshalers4.0-cil, 14684,3,3
analytics,libprotobuf9v5, 325862,64,35
analytics,libfile-copy-recursive-perl, 20586,1,1
analytics,libmono-system-json2.0-cil, 19732,3,3
analytics,libhawtjni-runtime-java, 54016,8,4
analytics,fakeroot, 61784,1,1
analytics,libfftw3-quad3, 550258,2,1
analytics,libxrender1, 18482,598,82
analytics,libavcodec-extra-56,,36,9
analytics,libglapi-mesa, 23388,118,73
analytics,g++-mingw-w64-x86-64, 16573836,1,1
analytics,libboost-mpi-python1.58-dev, 27210,28,28
analytics,liblapack-dev, 1874498,1,1
analytics,libmono-system-windows-forms4.0-cil, 861574,42,4
analytics,libfs-dev, 26822,5,5
analytics,liberror-perl, 21062,108,107
analytics,libjs-swfobject, 8474,1,1
analytics,libprotoc9v5, 272128,30,30
analytics,libmono-rabbitmq2.0-cil, 92156,6,3
analytics,lsb-base, 13094,427,144
analytics,libmono-corlib4.5-cil, 816450,639,4
analytics,fonts-font-awesome, 434626,1,1
analytics,libx11-dev, 641540,773,45
analytics,libsctp-dev, 62568,1,1
analytics,libboost-iostreams1.58.0, 28330,30,30
analytics,libhttpcore-java, 573472,9,7
analytics,libmono-messaging2.0-cil, 20926,13,4
analytics,mono-runtime-common, 206484,17,4
analytics,libavfilter5,,9,9
analytics,x11proto-input-dev, 117618,180,46
analytics,erlang-edoc, 292566,4,2
analytics,python2.7-dev, 270226,80,54
analytics,libmono-system-io-compression4.0-cil, 13760,6,3
analytics,libghc-directory-dev-1.2.1.0-5c0e4,,1,1
analytics,fonts-gfs-olga, 33400,1,1
analytics,libpng12-dev, 207512,36,35
analytics,libboost-filesystem1.58-dev, 46336,86,30
analytics,x11proto-damage-dev, 8286,59,42
analytics,libxdot4, 19364,1,1
analytics,python-ply-lex-3.5,,1,1
analytics,xaw3dg, 174196,2,2
analytics,x11proto-randr-dev, 33714,53,40
analytics,libjna-jni, 30308,3,3
analytics,libzzip-0-13, 26068,6,2
analytics,fp-compiler-2.6.4, 1661612,1,1
analytics,libmono-system-data4.0-cil, 299784,74,4
analytics,libreadline5-dev,,1,1
analytics,libmono-i18n-mideast4.0-cil, 18068,3,3
analytics,libhighgui-dev, 3134,30,30
analytics,libcrystalhd3, 46118,93,38
analytics,screen, 567466,1,1
analytics,mingw-w64-common, 4795534,2,1
analytics,libisccc90, 15918,3,3
analytics,gcc-4.7-arm-linux-gnueabi-base, 13906,6,1
analytics,libtexlua52, 90946,6,2
analytics,libopencv-contrib-dev, 351232,60,30
analytics,autoconf, 321016,15,14
analytics,cpp-5, 5962050,447,139
analytics,libdigest-sha-perl, 45568,1,1
analytics,gobjc-5, 5757234,1,1
analytics,node-normalize-package-data, 9286,5,5
analytics,adwaita-icon-theme-full, 9427862,2,2
analytics,libmono-db2-1.0-cil, 35742,3,3
analytics,libgd3, 125470,29,12
analytics,libboost-graph1.58.0, 94068,28,28
analytics,gir1.2-glib-2.0, 125558,240,62
analytics,libboost-chrono-dev, 3432,30,30
analytics,libboost-python1.58-dev, 149172,29,29
analytics,lsb-release, 11572,64,28
analytics,libnuma1, 20894,107,41
analytics,libghc-time-dev-1.4.2-7808a,,2,1
analytics,rpm2cpio, 7700,4,3
analytics,libxpp3-java, 363764,2,2
analytics,node-mime, 11928,10,5
analytics,libsepol1, 109672,337,149
analytics,libdrm-radeon1, 21492,133,75
analytics,libipc-run-perl, 92220,1,1
analytics,libmono-entityframework-sqlserver6.0-cil, 88324,3,3
analytics,libev4, 29612,7,7
analytics,liblocale-gettext-perl, 17982,2,2
analytics,libmono-http4.0-cil, 21222,3,3
analytics,binutils-mingw-w64-i686, 1738808,1,1
analytics,python3.5, 149874,8,7
analytics,libgtkglext1, 77534,32,30
analytics,ruby, 6026,4,4
analytics,mount, 122490,82,73
analytics,libmono-system-messaging2.0-cil, 33076,10,4
analytics,libisl13, 456262,652,141
analytics,libgdk-pixbuf2.0-dev, 44396,36,35
analytics,libmono-system-runtime4.0-cil, 55396,10,3
analytics,libplexus-interactivity-api-java, 14166,16,7
analytics,libx32gomp1, 53996,20,7
analytics,libxslt1.1, 146890,23,11
analytics,libv4l2rds0, 16026,3,2
analytics,fonts-sil-gentiumplus, 752608,1,1
analytics,procps, 212096,66,60
analytics,erlang-dialyzer, 615394,4,2
analytics,libxvidcore4, 205724,103,46
analytics,libpixman-1-0, 237262,160,77
analytics,texlive-base, 18078746,16,2
analytics,libgeronimo-interceptor-3.0-spec-java, 6194,2,2
analytics,libexif-dev, 325536,1,1
analytics,libice6, 39226,292,75
analytics,libxcb-dri3-dev, 5810,15,9
analytics,texinfo, 572514,3,2
analytics,ivy, 1098936,2,2
analytics,libobjc4, 111144,6,5
analytics,libxcb-xfixes0, 9156,22,16
analytics,libio-pty-perl, 32326,1,1
analytics,libschroedinger-1.0-0, 293418,102,46
analytics,libstdc++6, 392982,4674,220
analytics,libmono-webmatrix-data4.0-cil, 16606,3,3
analytics,libpython3.4-stdlib, 2121338,170,56
analytics,libxres1, 7154,5,5
analytics,python3.4-dev, 417010,7,7
analytics,libmono-posix2.0-cil, 70404,21,4
analytics,libibverbs1, 24692,58,28
analytics,libevent-pthreads-2.0-5, 5338,7,7
analytics,libgpm2, 16530,23,18
analytics,libx32itm1, 27036,20,7
analytics,emacs24, 3350532,2,2
analytics,libxmu6, 45996,142,69
analytics,libfftw3-bin, 31656,1,1
analytics,libjline2-java, 106558,3,3
analytics,iso-codes, 2297614,37,31
analytics,python2.7-minimal, 1262358,802,182
analytics,libopencv-features2d2.4v5, 217412,214,30
analytics,libsoup2.4-1, 263000,4,2
analytics,libblkid1, 107258,95,73
analytics,libplexus-cipher-java, 14536,9,7
analytics,libqt4-designer, 3638480,6,5
analytics,libwayland-server0, 26868,10,4
analytics,libfl-dev, 13142,4,4
analytics,libfreetype6-dev, 630218,175,44
analytics,x11proto-xext-dev, 212136,130,44
analytics,node-ansi-color-table, 4478,5,5
analytics,samba-libs, 4146472,4,1
analytics,libboost-math-dev, 3000,28,28
analytics,libgmpxx4ldbl, 9160,17,10
analytics,xorg-sgml-doctools, 12926,109,46
analytics,libghc-mtl-dev-2.1.3.1-04d52,,4,1
analytics,t1utils, 52484,1,1
analytics,libxau6, 8376,295,109
analytics,libxshmfence-dev, 3676,15,9
analytics,libgnutls-openssl27, 20322,1,1
analytics,libmono-compilerservices-symbolwriter4.0-cil, 26594,7,3
analytics,libboost-filesystem-dev, 2824,30,30
analytics,g++-mingw-w64-i686, 16072034,1,1
analytics,libtheora0, 162470,103,46
analytics,libasan2-armel-cross, 227800,2,1
analytics,libgtk2.0-0, 1774876,198,57
analytics,libgpg-error0, 33228,215,129
analytics,apache2-bin, 921930,4,4
analytics,libmono-system-ldap2.0-cil, 54500,3,3
analytics,libvpx1,,9,9
analytics,libvpx2, 687732,107,49
analytics,libboost-system1.58-dev, 8582,118,30
analytics,gettext-base, 48252,8,6
analytics,pinentry,,1,1
analytics,libgomp1, 55130,355,143
analytics,libmono-system-net2.0-cil, 13148,3,3
analytics,libghc-glut-dev, 489268,1,1
analytics,hscolour, 303460,1,1
analytics,libopencv-ml-dev, 225038,150,30
analytics,libglpk36, 390966,3,2
analytics,libatomic1, 8950,267,137
analytics,libghc-filepath-dev-1.3.0.2-d36b1,,1,1
analytics,libgcc-5-dev-armel-cross, 464262,3,1
analytics,libghc-statevar-dev-1.1.0.1-cc2e5,,2,1
analytics,node-glob, 13214,15,5
analytics,libselinux1, 59214,1402,186
analytics,libitm1, 27428,267,137
analytics,automake, 511386,1,1
analytics,libsqlite3-0, 383568,960,259
analytics,libatlas3-base, 2667802,27,27
analytics,fonts-inconsolata, 61792,1,1
analytics,tcl8.6-dev, 887214,1,1
analytics,libraw1394-dev, 35608,61,30
analytics,libosmesa6, 1128550,3,2
analytics,libopencv2.4-jni, 150018,60,30
analytics,libboost-serialization1.58-dev, 147588,170,30
analytics,python3-gi, 162422,28,28
analytics,libopencv-video-dev, 133512,240,30
analytics,libx32asan2, 257374,20,7
analytics,libplexus-utils2-java, 229004,4,2
analytics,imagemagick-common, 41966,6,2
analytics,libmono-system-enterpriseservices4.0-cil, 25896,30,4
analytics,libavdevice-ffmpeg56, 71664,5,5
analytics,libxcb-present-dev, 6666,15,9
analytics,libwagon-java, 132704,9,7
analytics,libdoxia-core-java, 148008,7,7
analytics,libxtst6, 14086,75,35
analytics,librtmp1, 54702,397,222
analytics,libjsr305-java, 26420,7,7
analytics,libdbi1, 27834,2,2
analytics,librpmio3, 68566,30,3
analytics,erlang-os-mon, 89822,2,2
analytics,lib32cilkrts5, 43510,20,7
analytics,libkqueue-dev, 32502,1,1
analytics,libmono-system-reactive-windows-forms2.2-cil, 14008,3,3
analytics,libmono-system-identitymodel4.0-cil, 42948,12,3
analytics,libxi6, 28530,208,72
analytics,libbz2-dev, 29100,1,1
analytics,libqt4-sql, 99284,15,7
analytics,python-tdb, 9844,1,1
analytics,node-nopt, 9544,10,5
analytics,libavresample-ffmpeg2, 51704,13,5
analytics,libmono-system-reactive-providers2.2-cil, 48804,6,3
analytics,libmono-system-configuration-install4.0-cil, 18320,15,3
analytics,debianutils, 85010,473,164
analytics,libghc-bytestring-dev-0.10.4.0-26103,,12,1
analytics,mir-client-platform-mesa-dev, 4206,5,5
analytics,libx32stdc++6, 383892,24,7
analytics,java5-runtime-headless,,8,5
analytics,libboost-graph-dev, 2894,28,28
analytics,x11-utils, 189138,30,25
analytics,libmono-accessibility2.0-cil, 13328,10,4
analytics,libghc-stm-dev, 60432,1,1
analytics,file, 20744,24,21
analytics,samba-common, 138204,2,1
analytics,libxcb-glx0-dev, 26740,15,9
analytics,libthai0, 17008,83,65
analytics,perl-modules, 2500822,529,179
analytics,libfftw3-long3, 306382,2,1
analytics,libmono-system-componentmodel-composition4.0-cil, 143452,6,3
analytics,gettext, 856688,10,3
analytics,libsctp1, 8414,56,41
analytics,node-which, 3678,10,5
analytics,libaprutil1-dbd-freetds,,4,4
analytics,libogg0, 17192,253,86
analytics,libdpkg-perl, 194354,249,125
analytics,libghc-parsec-dev-3.1.9-4fae8,,1,1
analytics,libdispatch0, 21008,1,1
analytics,libservlet3.1-java, 389190,2,2
analytics,liblua5.1-0, 101942,12,11
analytics,libasprintf0v5, 6676,9,7
analytics,python3:any, 8810,246,47
analytics,libmono-2.0-dev, 38288,3,3
analytics,libheimbase1-heimdal, 29318,714,222
analytics,libaprutil1-dbd-odbc, 16380,4,4
analytics,python3.4, 186034,81,54
analytics,perl-base, 1212490,978,189
analytics,libc-dev-bin, 68592,540,158
analytics,llvm-3.6-runtime, 42374,4,2
analytics,libsasl2-modules-db, 14564,361,222
analytics,libgl-dev,,10,8
analytics,java-common, 130676,92,40
analytics,libgpac4, 1524050,1,1
analytics,libmono-system-reactive-observable-aliases0.0-cil, 13074,3,3
analytics,libz-dev,,100,49
analytics,libavahi-common3, 22026,222,81
analytics,texlive-latex-base, 967562,7,2
analytics,libqtcore4, 1559304,123,7
analytics,git-man, 727304,108,107
analytics,libgssapi3-heimdal, 93866,359,222
analytics,liblept4, 839904,2,1
analytics,libboost-program-options1.58-dev, 168772,31,31
analytics,libmono-microsoft-csharp4.0-cil, 21686,16,4
analytics,libghc-gluraw-dev-1.5.0.1-f36eb,,1,1
analytics,fonts-gfs-complutum, 41554,1,1
analytics,libplexus-bsh-factory-java, 7932,7,7
analytics,tk, 3192,4,4
analytics,libxcb-present0, 5372,126,73
analytics,libselinux-dev,,1,1
analytics,libmono-simd2.0-cil, 24738,3,3
analytics,erlang-tools, 515280,8,2
analytics,libmono-system-servicemodel4.0a-cil, 554738,30,3
analytics,gfortran, 1274,4,4
analytics,libmono-system-servicemodel-web4.0-cil, 41296,6,3
analytics,python-elementtree,,29,29
analytics,libnss3-1d, 9354,4,3
analytics,libcommons-parent-java, 6968,9,8
analytics,llvm-runtime, 2790,4,2
analytics,java6-runtime-headless,,62,40
analytics,libmono-system-componentmodel-dataannotations4.0-cil, 36750,21,3
analytics,libpulse-dev, 70364,2,2
analytics,erlang-inets, 720272,18,2
analytics,libgavl1, 3356666,1,1
analytics,libvo-aacenc0, 71016,44,38
analytics,libudev1, 55282,173,75
analytics,libjline-java, 69372,9,8
analytics,libghc-objectname-dev-1.1.0.0-5cb3c,,1,1
analytics,libghc-openglraw-dev, 2847820,1,1
analytics,libmagickwand-6.q16-2, 289436,5,2
analytics,libmono-cil-dev, 13220,3,3
analytics,libmono-system-xml-serialization4.0-cil, 12830,3,3
analytics,libxrandr2, 17604,185,66
analytics,libfindlib-ocaml, 143624,2,2
analytics,x11-xkb-utils, 153180,14,7
analytics,libmpx0, 9822,227,135
analytics,g++-mingw-w64, 11266,1,1
analytics,guile-2.0-libs, 2209028,2,2
analytics,liblapack.so.3,,122,46
analytics,libcap2, 12846,16,11
analytics,libjsoncpp0v5, 74214,48,48
analytics,libmono-system-data-services4.0-cil, 26736,3,3
analytics,node-lockfile, 5450,5,5
analytics,libpgm-5.1-0, 157528,14,13
analytics,libwavpack1, 74040,93,38
analytics,gfortran-5, 6304972,13,10
analytics,libboost-log-dev, 2992,28,28
analytics,autotools-dev, 39560,31,18
analytics,erlang-erl-docgen, 131394,2,2
analytics,libboost-signals-dev, 2864,28,28
analytics,libopenbabel4v5, 2636762,4,4
analytics,libxinerama1, 7908,186,66
analytics,gnat-4.9-base, 19672,4,1
analytics,libdbus-1-dev, 161328,4,2
analytics,libxmuu1, 9668,48,32
analytics,libpangoxft-1.0-0, 15264,72,35
analytics,libcups2, 196034,189,77
analytics,libedit2, 76648,217,149
analytics,gir1.2-freedesktop, 5804,74,35
analytics,libllvm3.5v5, 7576116,2,2
analytics,rubygems-integration, 4866,8,8
analytics,init-system-helpers, 14500,69,50
analytics,libjna-java, 151474,3,3
analytics,libclang1-3.6, 3698100,5,5
analytics,tzdata, 168490,82,49
analytics,libopenjpeg5, 104144,102,46
analytics,libswscale-dev, 144500,31,30
analytics,java1-runtime-headless,,7,7
analytics,libgbm1, 23474,4,4
analytics,libmono-sharpzip2.84-cil, 57990,10,4
analytics,gcc-4.8-base, 15834,118,32
analytics,libboost-context1.58-dev, 18944,56,28
analytics,libepoxy0, 164522,2,2
analytics,libisccfg90, 36526,9,3
analytics,libpangocairo-1.0-0, 20612,155,65
analytics,libnet-smtp-ssl-perl, 5948,1,1
analytics,libmono-security2.0-cil, 105926,38,4
analytics,libpango-1.0-0, 151888,446,65
analytics,libdmx1, 10400,5,5
analytics,emacs24-lucid, 3359770,2,2
analytics,fonts-crosextra-carlito, 742230,1,1
analytics,python-meld3, 30754,5,5
analytics,libcroco3, 83166,9,7
analytics,libmono-messaging-rabbitmq2.0-cil, 21912,3,3
analytics,libboost-random1.58.0, 11708,28,28
analytics,libqt4-dev-bin, 1636560,1,1
analytics,libxcursor1, 22830,119,66
analytics,python3-colorama, 14078,7,7
analytics,libmono-system-reactive-windows-threading2.2-cil, 15288,3,3
analytics,diffstat, 22332,1,1
analytics,libeclipse-aether-java, 563692,2,2
analytics,libtext-iconv-perl, 14010,1,1
analytics,x11proto-core-dev, 699398,901,46
analytics,xauth, 22742,7,7
analytics,python-lzma, 27876,2,2
analytics,libc6-x32, 2456526,103,7
analytics,libghc-openglraw-dev-2.4.1.0-151b2,,3,1
analytics,libmono-codecontracts4.0-cil, 199774,6,3
analytics,g++-5-multilib, 978,4,4
analytics,libghc-attoparsec-dev, 501008,1,1
analytics,lib32mpx0, 11054,20,7
analytics,libsasl2-2, 49018,364,222
analytics,libxft-dev, 45694,41,40
analytics,libapr1-dev, 649608,2,1
analytics,erlang-reltool, 343132,2,2
analytics,libxfont-dev, 126142,5,5
analytics,gforth-lib, 90886,2,2
analytics,libpython2.7-dev, 27726182,163,55
analytics,libmono-data-tds4.0-cil, 43604,11,4
analytics,libatk-bridge2.0-0, 52314,32,27
analytics,libptexenc1, 34644,6,2
analytics,gcc-multilib, 1100,7,6
analytics,libpcre16-3, 141336,55,44
analytics,python-crypto, 242098,1,1
analytics,lib32itm1, 29618,20,7
analytics,libboost-signals1.58.0, 31276,28,28
analytics,libxvmc1, 13090,5,5
analytics,libnet-ssleay-perl, 262714,1,1
analytics,libcloog-isl4, 60840,15,4
analytics,libmnl0, 11970,1,1
analytics,fonts-dejavu-core, 1038624,176,111
analytics,libcunit1, 24756,7,7
analytics,libboost-mpi1.58.0, 48362,84,28
analytics,libpciaccess-dev, 20036,5,5
analytics,libatinject-jsr330-api-java, 22724,13,7
analytics,m17n-db, 1224986,2,2
analytics,libpython2.7-minimal, 337128,825,187
analytics,libnet-domain-tld-perl, 21360,1,1
analytics,tesseract-ocr-eng, 8824184,1,1
analytics,libeasymock-java, 88330,2,2
analytics,libboost-tools-dev, 2976,28,28
analytics,libmono-posix4.0-cil, 74424,26,4
analytics,libdbus-glib-1-2, 66872,32,29
analytics,libghc-mtl-dev, 76434,1,1
analytics,libmono-data-tds2.0-cil, 41716,10,4
analytics,node-fstream-ignore, 5586,5,5
analytics,libboost-locale1.58.0, 242106,28,28
analytics,python-celementtree,,29,29
analytics,libkrb5-26-heimdal, 201416,720,222
analytics,sysvinit-utils, 25566,177,73
analytics,libcr0, 18848,29,28
analytics,libxcb-render0-dev, 15330,68,40
analytics,libglib2.0-dev, 1367110,191,39
analytics,libglib2.0-0, 1107914,1605,142
analytics,mesa-common-dev, 444950,18,12
analytics,libproxy1v5, 47652,4,2
analytics,xtrans-dev, 70516,70,46
analytics,libmono-rabbitmq4.0-cil, 97114,6,3
analytics,libtesseract3v5, 1104952,1,1
analytics,libwagon2-java, 2023266,2,2
analytics,libfuse2, 90932,1,1
analytics,libxalan2-java, 3166282,7,7
analytics,libcgraph6, 43808,12,3
analytics,libcppnetlib0, 116604,2,2
analytics,libmono-system-data-services2.0-cil, 135768,3,3
analytics,unattended-upgrades, 30320,32,28
analytics,libxaw7, 173220,55,37
analytics,libclass-accessor-perl, 26038,2,1
analytics,erlang-parsetools, 153324,2,2
analytics,libboost-system-dev, 2940,30,30
analytics,libnetcdf7, 274554,4,4
analytics,libxpm-dev, 86206,10,5
analytics,gforth-common, 310774,2,2
analytics,libmono-oracle2.0-cil, 62004,3,3
analytics,libarchive-zip-perl, 87500,1,1
analytics,poppler-data, 1473284,8,4
analytics,libharfbuzz-gobject0, 11000,36,35
analytics,libprotobuf-lite9v5, 58274,52,34
analytics,fonts-lobster, 38654,1,1
analytics,libplexus-containers-java, 187156,25,7
analytics,libboost-regex1.58-dev, 321722,60,30
analytics,libghc-opengl-dev, 2139378,1,1
analytics,libjs-jquery-tablesorter, 41924,2,2
analytics,libpython-stdlib, 7754,398,182
analytics,libtext-unidecode-perl, 100670,7,6
analytics,libmono-system-web-http-webhost4.0-cil, 31842,3,3
analytics,libssh-gcrypt-4, 119560,44,38
analytics,libqt4-declarative, 1098026,13,7
analytics,libjts-java, 612262,1,1
analytics,libmono-microsoft-visualbasic11.0-cil, 89086,4,4
analytics,libpangox-1.0-0, 41676,34,32
analytics,golang-src, 6130332,8,4
analytics,erlang-base-hipe, 8609674,72,2
analytics,libpipeline1, 24914,7,5
analytics,gcc-5-arm-linux-gnueabi, 6462856,4,1
analytics,node-underscore, 3780,5,5
analytics,gpgv, 164506,41,34
analytics,par2, 87600,1,1
analytics,libmono-system-transactions4.0-cil, 21734,33,4
analytics,libpaper1, 13450,22,5
analytics,python-rpm, 37620,3,2
analytics,erlang-ssl, 647100,10,2
analytics,libopenexr22, 565558,63,30
analytics,erlang-ssh, 400708,4,2
analytics,libnuma-dev, 31662,29,28
analytics,libcairo2, 553056,352,69
analytics,libgnatvsn4.9, 251312,2,1
analytics,default-jre-headless, 4086,47,16
analytics,libx32atomic1, 8960,20,7
analytics,libc0.1,,148,4
analytics,libgoogle-glog0v5, 49300,28,28
analytics,libplexus-archiver-java, 170696,7,7
analytics,openjdk-7-jdk, 16286618,5,5
analytics,python3-newt, 19024,1,1
analytics,gcc-4.9-base, 15012,10,2
analytics,libmono-npgsql4.0-cil, 68324,3,3
analytics,libantlr-java, 426856,2,2
analytics,dpkg, 2084160,1882,241
analytics,libasm4-java, 252270,5,3
analytics,libplexus-io-java, 44696,7,7
analytics,librest-0.7-0, 31884,2,2
analytics,libapparmor1, 29784,1,1
analytics,libpng-dev,,130,49
analytics,libdb5.3, 669842,1347,256
analytics,python3-setuptools, 88912,7,7
analytics,libopencv-legacy-dev, 509358,90,30
analytics,erlang-asn1, 708510,8,2
analytics,man-db, 857944,5,3
analytics,libjansi-java, 57384,5,4
analytics,libmono-system-reactive-experimental2.2-cil, 20334,3,3
analytics,tk8.6, 12322,4,4
analytics,libaio1, 6454,14,7
analytics,libmono-system-web-mvc2.0-cil, 123034,3,3
analytics,openssh-sftp-server, 38318,9,9
analytics,libbs2b0, 10708,6,5
analytics,libmono-system-web-routing4.0-cil, 14002,3,3
analytics,libmono-system-web-webpages-deployment2.0-cil, 24054,6,3
analytics,libxcb-shape0, 5956,50,36
analytics,libc6.1,,153,9
analytics,libwayland-client0, 21978,18,4
analytics,lib32asan2, 264348,20,7
analytics,libatk1.0-data, 16858,72,59
analytics,erlang-runtime-tools, 162876,22,2
analytics,libjack-0.116,,17,16
analytics,libmono-system-net-http4.0-cil, 48326,18,3
analytics,libc6-dev, 1966552,1032,155
analytics,libgtk2.0-dev, 2607386,30,30
analytics,python-libxml2, 142398,3,2
analytics,vim-runtime, 4983584,16,16
analytics,libxcb-randr0-dev, 18208,13,9
analytics,java7-runtime,,2,2
analytics,libhdf5-dev, 5302072,31,30
analytics,libgif4, 28554,43,31
analytics,lib32gfortran-5-dev, 275664,3,3
analytics,libvorbisfile3, 16044,2,2
analytics,libuuid1, 15008,317,136
analytics,libcurl4-gnutls-dev, 259060,4,4
analytics,libtextwrap1, 10132,13,12
analytics,libmono-tasklets2.0-cil, 13010,3,3
analytics,libmono-simd4.0-cil, 26578,3,3
analytics,python-pip-whl, 79972,3,3
analytics,libboost-thread1.58.0, 47044,142,30
analytics,fontconfig, 175888,90,68
analytics,libmono-xbuild-tasks4.0-cil, 24678,10,3
analytics,patchutils, 70124,1,1
analytics,libcolord2, 99376,2,2
analytics,python-cffi-backend, 53068,1,1
analytics,liburi-perl, 84512,2,1
analytics,mysql-client-5.6, 5108264,7,7
analytics,python3-six, 10772,22,8
analytics,libslf4j-java, 114268,20,8
analytics,sun-java6-jre,,1,1
analytics,node-osenv, 3772,10,5
analytics,libnss3-nssdb, 10640,59,43
analytics,libblocksruntime-dev, 7210,1,1
analytics,libldap2-dev, 262912,1,1
analytics,libxml-namespacesupport-perl, 13230,14,6
analytics,libboost-iostreams1.58-dev, 36068,30,30
analytics,libcommons-httpclient-java, 278464,11,7
analytics,libmirprotobuf3, 92586,9,7
analytics,libboost-regex1.58.0, 262974,88,30
analytics,libxrandr-dev, 23742,43,40
analytics,libmysqlclient18, 690052,25,14
analytics,freeglut3, 73394,6,6
analytics,gsfonts, 3373970,176,111
analytics,libobjc-5-dev, 381622,10,5
analytics,liblog4j-extras1.2-java, 406098,1,1
analytics,libxmu-headers, 54200,11,6
analytics,libstdc++-5-dev-armel-cross, 1417216,1,1
analytics,libopencv-videostab-dev, 95010,30,30
analytics,sed, 139052,8,3
analytics,libgvpr2, 170836,4,3
analytics,libhdf5-mpich2-dev,,1,1
analytics,erlang-observer, 799128,4,2
analytics,glib-networking, 42318,2,2
analytics,liblsan0, 109704,229,136
analytics,libbibutils2, 353254,1,1
analytics,x11proto-render-dev, 20148,60,43
analytics,python-iniparse, 21504,1,1
analytics,llvm-3.6, 1280636,4,2
analytics,swig2.0, 875264,10,10
analytics,libboost-exception-dev, 2792,28,28
analytics,xdg-utils, 58268,8,4
analytics,libunicode-collate-perl, 541542,1,1
analytics,libdebconfclient0, 6310,2,2
analytics,libkadm5clnt-mit9, 36796,4,4
analytics,libmono-accessibility4.0-cil, 13980,15,4
analytics,mime-support, 31596,1001,199
analytics,libboost-serialization-dev, 3030,28,28
analytics,libgcc-4.9-dev, 2070768,3,2
analytics,libdatrie1, 17234,81,65
analytics,libzmq3, 133256,11,10
analytics,libmono-i18n4.0-cil, 20506,20,4
analytics,libc6-dev-i386, 1204554,20,7
analytics,libopencore-amrnb0, 91954,45,38
analytics,libmono-microsoft-build-framework4.0-cil, 22562,22,3
analytics,libpcap0.8, 116928,2,2
analytics,node-form-data, 6412,5,5
analytics,libnspr4-0d, 6636,59,43
analytics,binutils, 2279400,420,148
analytics,libmono-system-web-services4.0-cil, 112806,24,4
analytics,libaudio2, 50974,8,7
analytics,node-fstream, 19496,20,5
analytics,libreadline6-dev, 123092,65,64
analytics,libopencv-photo-dev, 44552,60,30
analytics,libwbclient0, 28100,2,1
analytics,libgles2-mesa, 12528,2,2
analytics,libcommons-codec-java, 232490,16,7
analytics,libqt4-xml, 97042,26,7
analytics,libqt4-network, 564092,38,7
analytics,libnewt0.52, 40842,15,13
analytics,libblas-common, 3058,166,58
analytics,libavformat-ffmpeg56, 774988,86,38
analytics,libtcl8.6, 877664,22,8
analytics,libfftw3-double3, 717764,13,6
analytics,python-numpy, 1638568,32,31
analytics,llvm-3.6-dev, 12336844,2,2
analytics,erlang-diameter, 632598,2,2
analytics,libboost-log1.58.0, 420090,28,28
analytics,libgs9-common, 2938004,8,4
analytics,php5-cli, 2250850,1,1
analytics,libsocket6-perl, 23668,1,1
analytics,libavutil-ffmpeg54, 165656,339,38
analytics,x11proto-dmx-dev, 5848,10,5
analytics,libopencv-objdetect-dev, 216088,150,30
analytics,libghc-split-dev, 38824,1,1
analytics,libmono-system-web2.0-cil, 935444,40,4
analytics,libsemanage-common, 6238,337,149
analytics,libmono-system2.0-cil, 1170322,182,4
analytics,libboost-serialization1.58.0, 113666,114,30
analytics,libparse-debianchangelog-perl, 50644,1,1
analytics,libfftw3-dev, 2104150,1,1
analytics,python-decorator, 9386,31,31
analytics,coreutils, 1137758,311,146
analytics,libpathplan4, 26514,5,3
analytics,libcurl-ssl-dev,,4,4
analytics,libbsf-java, 71232,2,2
analytics,libjs-underscore, 46666,6,6
analytics,python-ldb, 27386,1,1
analytics,libpython3.5-minimal, 520680,18,8
analytics,libboost-mpi-python-dev, 2920,28,28
analytics,libgvc6, 590936,4,3
analytics,openmpi-bin, 85046,28,28
analytics,libxcb-sync1, 8608,126,73
analytics,libneko0, 46854,1,1
analytics,libblas-dev, 156326,47,40
analytics,libpulse0, 243362,96,54
analytics,libpython3.4-dev, 34425482,21,14
analytics,libavutil-dev, 242798,157,34
analytics,preview-latex-style, 185554,2,2
analytics,libc-dev,,748,133
analytics,libregexp-java, 35146,3,3
analytics,libgeoip1, 69274,22,10
analytics,antlr, 6446,2,2
analytics,libmono-system-reactive-interfaces2.2-cil, 13112,30,3
analytics,scala-xml, 601416,2,2
analytics,libxres-dev, 6974,5,5
analytics,libghc-hunit-dev, 62554,1,1
analytics,libvncclient1, 56568,2,2
analytics,python-six-whl, 10946,6,3
analytics,libhwloc-dev, 143980,29,28
analytics,libxmu-dev, 49006,11,6
analytics,libmono2.0-cil, 39230,13,4
analytics,libxext6, 29444,1200,91
analytics,libpthread-stubs0-dev, 4068,65,46
analytics,libijs-0.35, 15490,8,4
analytics,libgnatprj4.9, 608322,1,1
analytics,libmono-wcf3.0a-cil, 509892,17,4
analytics,ca-certificates, 203666,244,117
analytics,samba-dsdb-modules, 208776,1,1
analytics,libcaca0, 202214,19,14
analytics,libatlas-dev, 22622,27,27
analytics,bind9-host, 46898,6,3
analytics,node-sha, 4272,5,5
analytics,python:any, 137338,831,116
analytics,python-dnspython, 85220,1,1
analytics,python3-software-properties, 19516,28,28
analytics,libmono-npgsql2.0-cil, 65912,3,3
analytics,libnet-perl,,1,1
analytics,autopoint, 389506,1,1
analytics,libmono-system-web-abstractions4.0-cil, 14012,3,3
analytics,pkg-config, 40048,337,50
analytics,xz-utils, 78794,212,117
analytics,libumfpack5.6.2, 213968,5,4
analytics,libx32gfortran3, 255690,3,3
analytics,pandoc-data, 76410,2,2
analytics,python-funcsigs, 12458,2,2
analytics,ocaml-base-nox-4.01.0,,2,2
analytics,ghc-haddock, 5863426,1,1
analytics,node-mute-stream, 4096,5,5
analytics,libplexus-sec-dispatcher-java, 27064,9,7
analytics,libvorbisenc2, 70396,176,86
analytics,passwd, 764542,378,149
analytics,scala-library, 9240100,2,2
analytics,libqtdbus4, 186228,27,7
analytics,libqscintilla2-12v5, 811554,3,2
analytics,libx11-xcb-dev, 9730,15,9
analytics,libghc-pandoc-citeproc-data, 44700,1,1
analytics,libplexus-classworlds-java, 49214,7,7
analytics,libharfbuzz-dev, 188990,36,35
analytics,libmono-sqlite4.0-cil, 57354,11,4
analytics,libenca0, 54216,6,5
analytics,libc-ares2, 38506,34,21
analytics,wget, 282338,2,2
analytics,libghc-transformers-dev-0.3.0.0-b5912,,7,1
analytics,libtk8.6, 698718,6,5
analytics,fonts-ebgaramond, 650772,1,1
analytics,ca-certificates-java, 12292,68,40
analytics,libgflags2v5, 54438,84,28
analytics,libopencv-superres-dev, 79890,30,30
analytics,libmono-microsoft-web-infrastructure1.0-cil, 16062,15,3
analytics,libmono-csharp4.0c-cil, 364710,10,4
analytics,libboost-timer1.58.0, 10246,28,28
analytics,po-debconf, 234176,4,3
analytics,tcl-expect, 104794,1,1
analytics,libmono-system-reactive-core2.2-cil, 44230,24,3
analytics,libxt-dev, 393636,14,6
analytics,shared-mime-info, 389278,108,59
analytics,libx32gcc-5-dev, 1870276,17,7
analytics,libjna-platform-java, 725060,2,2
analytics,neko, 206494,1,1
analytics,libmono-i18n-west4.0-cil, 23956,11,4
analytics,libmonoboehm-2.0-dev, 1423428,3,3
analytics,x11proto-record-dev, 33648,10,5
analytics,libgsm1, 27150,102,46
analytics,libboost-filesystem1.58.0, 37784,67,35
analytics,libspeex1, 51256,102,46
analytics,libltdl7-dev,,1,1
analytics,libvo-amrwbenc0, 66440,44,38
analytics,libcap2-bin, 20282,4,4
analytics,mpi-default-dev, 4008,28,28
analytics,libxv-dev, 32382,12,5
analytics,libwmf-dev, 168808,1,1
analytics,libatomic1-armel-cross, 6770,2,1
analytics,libvdpau1, 24742,14,14
analytics,lua5.1, 90540,2,2
analytics,libbison-dev, 337842,7,7
analytics,erlang-mnesia, 665132,12,2
analytics,libmaven2-core-java, 709980,9,7
analytics,libmp3lame0, 127316,103,46
analytics,libdouble-conversion1v5, 33310,2,2
analytics,libmono-system-windows4.0-cil, 12950,3,3
analytics,ruby2.1-dev, 896184,2,2
analytics,libjson-c2, 22332,78,59
analytics,libblas.so.3,,220,53
analytics,libstdc++-4.9-dev, 1123258,1,1
analytics,liblzo2-2, 48716,94,55
analytics,mono-4.0-gac, 20064,16,4
analytics,libghc-process-dev-1.2.0.0-be94c,,1,1
analytics,libmono-xbuild-tasks2.0-cil, 25824,7,3
analytics,libopenmpi1.6, 1432454,142,28
analytics,gconf2-common, 21094,4,2
analytics,liblcms2-dev, 4657264,1,1
analytics,libjaxen-java, 206112,3,3
analytics,ttf-adf-gillius, 400078,1,1
analytics,libkrb5support0, 30528,1485,234
analytics,python-dev, 1220,29,29
analytics,python-pbr, 46608,2,2
analytics,libghc-containers-dev-0.5.5.1-455e7,,7,1
analytics,python-numpy-abi9,,32,31
analytics,libwayland-dev, 111378,4,2
analytics,default-jre, 1010,13,13
analytics,dconf-gsettings-backend, 19450,4,2
analytics,libgdbm3, 16926,443,180
analytics,libtimedate-perl, 37492,3,1
analytics,libxkbcommon0, 97170,20,7
analytics,libboost-dev, 3134,28,28
analytics,llvm, 3314,2,2
analytics,libclone-perl, 11618,1,1
analytics,libflac-dev, 261672,1,1
analytics,libopencv-videostab2.4v5, 81486,30,30
analytics,libva1, 41964,102,46
analytics,anacron, 27150,2,2
analytics,libgraphicsmagick3, 1092468,8,3
analytics,libtool, 180492,1,1
analytics,libxi-dev, 184906,49,41
analytics,libqt4-xmlpatterns, 1095904,13,7
analytics,python-ntdb, 9230,2,1
analytics,libmono-messaging-rabbitmq4.0-cil, 23044,3,3
analytics,libghc-network-dev, 305786,1,1
analytics,libcairo-gobject2, 17298,44,38
analytics,dh-python, 69304,66,47
analytics,libjs-node-uuid, 11074,5,5
analytics,cron-daemon,,2,2
analytics,texlive-pictures, 3088684,2,2
analytics,libfs6, 22464,5,5
analytics,libmono-ldap4.0-cil, 93566,6,3
analytics,erlang-corba, 2232476,2,2
analytics,libtiff5, 145522,180,77
analytics,libmono-webbrowser2.0-cil, 55794,10,4
analytics,libjetty-java, 721120,2,2
analytics,libprotobuf-dev, 473070,14,5
analytics,libmpc3, 39676,647,141
analytics,humanity-icon-theme, 1331024,2,2
analytics,junit, 106136,14,7
analytics,libmono-ldap2.0-cil, 90058,6,3
analytics,libc-ares-dev, 108548,5,5
analytics,unzip, 159008,3,3
analytics,x11proto-dri2-dev, 12552,20,12
analytics,libiec61883-0, 23566,5,5
analytics,libxml2-utils, 35862,36,35
analytics,xfonts-encodings, 573352,174,111
analytics,libibverbs-dev, 77244,29,28
analytics,libxml-libxml-perl, 340298,7,6
analytics,libxkbfile1, 65060,12,7
analytics,libmono-system-reactive-linq2.2-cil, 156002,18,3
analytics,libntdb1, 39540,2,1
analytics,libjpeg8-dev, 1552,82,48
analytics,python-urllib3-whl, 56622,6,3
analytics,libelf1, 39008,175,80
analytics,binutils-mingw-w64-x86-64, 2133318,1,1
analytics,libpopt0, 26022,36,11
analytics,libgstreamer0.10-dev, 837524,1,1
analytics,fonts-oflb-asana-math, 245552,1,1
analytics,node-delayed-stream, 4750,5,5
analytics,libxstream-java, 589074,2,2
analytics,libcc1-0, 31002,224,135
analytics,libyaml-0-2, 47596,20,14
analytics,ocaml-findlib, 228458,2,2
analytics,cron, 68140,2,2
analytics,libmono-relaxng2.0-cil, 77320,3,3
analytics,libboost-timer1.58-dev, 9668,28,28
analytics,libghc-array-dev-0.5.0.0-04535,,12,1
analytics,libcommons-net2-java, 193584,9,7
analytics,libcommons-lang-java, 267420,18,8
analytics,x11proto-present-dev, 10146,5,5
analytics,libpango1.0-dev, 287528,36,35
analytics,libjs-sphinxdoc, 42888,2,1
analytics,libglu-dev,,1,1
analytics,x11proto-dri3-dev, 5996,5,5
analytics,libfile-basedir-perl, 16852,1,1
analytics,libhttpclient-java, 660902,11,7
analytics,libghc-scientific-dev-0.3.3.8-c8cee,,1,1
analytics,libmono-system-web-extensions-design4.0-cil, 14854,3,3
analytics,libgcc-5-dev, 2228190,419,135
analytics,python2.7, 209794,482,182
analytics,libboost-date-time1.58-dev, 27334,88,30
analytics,octave, 1472640,1,1
analytics,debconf-2.0,,1844,253
analytics,libjack-jackd2-0, 139176,12,11
analytics,libdconf1, 31434,4,2
analytics,scala-parser-combinators, 354974,2,2
analytics,libopenspecfun1, 79490,2,2
analytics,lib32ubsan0, 110050,20,7
analytics,libmono-system-servicemodel-routing4.0-cil, 22236,3,3
analytics,libdbus-1-3, 159534,356,116
analytics,apt, 986082,72,33
analytics,python-pkg-resources, 70678,222,82
analytics,libreadline-dev, 1040,1,1
analytics,gcc-mingw-w64-base, 11698,4,1
analytics,libpython-dev, 7836,80,54
analytics,libperl5.20, 664194,6,6
analytics,zip, 158164,4,3
analytics,libopencv-imgproc-dev, 695114,210,30
analytics,libgfortran3, 258498,220,63
analytics,libboost-chrono1.58-dev, 15428,60,30
analytics,libsamplerate0, 937394,12,11
analytics,libsodium13, 134018,14,13
analytics,libghc-regex-base-dev-0.93.2-436d7,,2,1
analytics,libghc-html-dev, 114736,1,1
analytics,libpth20, 44294,1,1
analytics,libghc-pretty-dev-1.1.1.1-84200,,2,1
analytics,libxml2-dev, 737912,4,2
analytics,gcc-4.9, 5684434,2,2
analytics,gcc-4.8, 5054740,1,1
analytics,python-html5lib-whl, 80180,3,3
analytics,fonts-droid, 4108526,1,1
analytics,libpthread-workqueue0, 12360,3,1
analytics,libnunit-cil-dev, 2266,3,3
analytics,libxrender-dev, 24538,211,43
analytics,libmono-system-threading-tasks-dataflow4.0-cil, 38164,3,3
analytics,libmockobjects-java, 52440,1,1
analytics,libv8-3.14-dev, 57636,5,5
analytics,node-github-url-from-git, 3138,10,5
analytics,libgtk-3-0, 2286750,4,2
analytics,libghc-primitive-dev-0.6-082ad,,1,1
analytics,libisc95, 148798,18,3
analytics,libasound2, 337430,79,44
analytics,gsettings-desktop-schemas, 25778,2,2
analytics,liborc-0.4-0, 140776,63,50
analytics,libopencv-gpu-dev, 139690,90,30
analytics,gcc, 5204,282,118
analytics,libmono-microsoft-build4.0-cil, 128064,3,3
analytics,libtinfo5, 76136,2356,231
analytics,python3-virtualenv, 50246,3,3
analytics,libpostproc-ffmpeg53, 48414,12,5
analytics,nginx-light, 299082,6,6
analytics,libaprutil1-dbd-pgsql, 12478,4,4
analytics,libxxf86vm-dev, 13302,22,12
analytics,libgtk2.0-common, 122530,142,57
analytics,libnettle6, 93326,1710,236
analytics,libboost-program-options-dev, 2818,30,30
analytics,libmono-peapi4.0a-cil, 45970,6,3
analytics,insserv, 38182,82,73
analytics,libdrm-amdgpu1, 15504,133,75
analytics,libmono-windowsbase3.0-cil, 64186,6,3
analytics,hdf5-helpers, 12652,35,34
analytics,libghc-binary-dev-0.7.1.0-bba5d,,1,1
analytics,gir1.2-gtk-2.0, 171872,36,35
analytics,adwaita-icon-theme, 943512,8,2
analytics,mono-xbuild, 269016,3,3
analytics,libcilkrts5, 40050,229,136
analytics,libopencv-highgui2.4v5, 102766,305,30
analytics,libboost-date-time1.58.0, 20582,30,30
analytics,libshine3, 25138,93,38
analytics,libghc-zlib-dev, 79086,1,1
analytics,libatk1.0-dev, 79468,36,35
analytics,fonts-comfortaa, 130770,1,1
analytics,libsqlite0, 139410,2,2
analytics,libdigest-md5-perl,,1,1
analytics,libghc-stm-dev-2.4.4-fae71,,1,1
analytics,libxshmfence1, 5042,126,73
analytics,x11vnc-data, 203386,2,2
analytics,libqtassistantclient4, 12790,4,4
analytics,libroken18-heimdal, 40420,2502,222
analytics,tex-common, 590884,37,7
analytics,node-semver, 16226,15,5
analytics,libgme0, 116420,44,38
analytics,libmaven-scm-java, 893946,2,2
analytics,x11proto-xcmisc-dev, 12714,5,5
analytics,libqdox-java, 166806,3,3
analytics,libxpm4, 33124,85,45
analytics,python-distlib-whl, 112102,3,3
analytics,libdns100, 652868,12,3
analytics,libdrm-nouveau2, 14292,133,75
analytics,libxfixes3, 11130,334,76
analytics,emacs24-common-non-dfsg, 4545334,3,3
analytics,python, 137338,659,124
analytics,linux-libc-dev-armel-cross, 722774,2,1
analytics,libopenlibm1, 73552,2,2
analytics,libblocksruntime0, 6444,3,1
analytics,libboost-regex-dev, 3058,30,30
analytics,libxt6, 160320,223,73
analytics,liblockfile-bin, 10838,3,3
analytics,gconf-service, 2046,4,2
analytics,libmono-system-management4.0-cil, 25672,3,3
analytics,libmono-system4.0-cil, 718140,468,4
analytics,libgc1c2, 75364,6,6
analytics,libmono-system-xml4.0-cil, 471874,237,4
analytics,python-pylibacl, 36682,1,1
analytics,libghc-random-dev-1.1-49972,,1,1
analytics,erlang-percept, 132154,2,2
analytics,libgflags-dev, 64812,28,28
analytics,libsub-name-perl, 11282,1,1
analytics,node-once, 2608,10,5
analytics,libghc-vector-dev, 1033230,1,1
analytics,x11proto-xinerama-dev, 4966,53,40
analytics,libavcodec-dev, 4366350,67,34
analytics,libgdk-pixbuf2.0-0, 157736,175,59
analytics,libdigest-hmac-perl, 12072,1,1
analytics,mono-runtime, 12376,156,4
analytics,libxml-sax-base-perl, 21514,7,6
analytics,liblog4j1.2-java, 425200,5,4
analytics,libpthread-workqueue-dev, 5866,1,1
analytics,libmaven-parent-java, 5786,2,2
analytics,libx265-59, 681676,93,38
analytics,g++-5-arm-linux-gnueabi, 6191066,1,1
analytics,libcglib3-java, 725534,4,2
analytics,libstdc++-dev,,36,31
analytics,libgstreamer0.10-0, 646124,5,1
analytics,libaprutil1-dbd-sqlite3, 10678,4,4
analytics,libjansi-native-java, 35254,4,4
analytics,libdebian-installer4, 22044,13,12
analytics,libatspi2.0-0, 57934,32,27
analytics,libpython3-dev, 7110,7,7
analytics,rpm-common, 25710,10,3
analytics,libusb-1.0-0, 42446,47,42
analytics,libx32gfortran-5-dev, 288368,3,3
analytics,erlang-gs, 574890,8,2
analytics,libzookeeper-java, 1250224,1,1
analytics,python-ctypes,,5,5
analytics,cpp-4.9, 5199200,2,2
analytics,cpp-4.8, 4596630,2,1
analytics,libopts25-dev, 92788,2,2
analytics,libapt-pkg-perl, 73888,1,1
analytics,libjackrabbit-java, 290070,2,2
analytics,liblapack.so,,1,1
analytics,libmono-system-io-compression-filesystem4.0-cil, 13456,3,3
analytics,libsm-dev, 16188,59,44
analytics,node-json-stringify-safe, 3544,5,5
analytics,libxdamage-dev, 5028,56,42
analytics,qt4-qmake, 1294664,1,1
analytics,libnspr4, 111864,118,43
analytics,cabal-install, 2124486,1,1
analytics,libhyperic-sigar-java, 383538,1,1
analytics,groff-base, 1183020,5,3
analytics,libfile-temp-perl,,1,1
analytics,libncurses5-dev, 175810,3,2
analytics,libgmp10, 240360,2804,247
analytics,bsdutils, 49478,5,3
analytics,libgssapi-krb5-2, 119442,549,233
analytics,libcurl3-gnutls, 182778,293,214
analytics,erlang-eldap, 96716,2,2
analytics,python-talloc, 7632,2,1
analytics,x11proto-xf86dga-dev, 7288,10,5
analytics,libgnat-4.9, 906174,3,1
analytics,libxvmc-dev, 20664,5,5
analytics,libmono-system-web-webpages-razor2.0-cil, 23400,6,3
analytics,libpcre32-3, 132956,55,44
analytics,libcdio-cdda1, 15912,28,14
analytics,gnupg-agent, 237234,1,1
analytics,erlang-odbc, 46906,2,2
analytics,apt-utils, 180168,32,28
analytics,libopencv-flann-dev, 160996,120,30
analytics,libmono-system-data-linq2.0-cil, 149584,13,4
analytics,libmono-system-web-webpages2.0-cil, 76866,9,3
analytics,libaprutil1, 78260,36,7
analytics,libsdl1.2debian, 165476,19,14
analytics,libmircommon-dev, 15902,7,5
analytics,libicu55, 7652486,419,115
analytics,libasn1-8-heimdal, 174838,1432,222
analytics,libevent-core-2.0-5, 69376,28,7
analytics,liblzma-dev, 137070,4,4
analytics,libsasl2-modules, 47936,1,1
analytics,libmono-system-web-extensions4.0-cil, 165606,12,3
analytics,libmono-system-messaging4.0-cil, 35188,6,3
analytics,libswresample-dev, 64036,78,34
analytics,libtalloc2, 36064,9,1
analytics,gir1.2-gstreamer-0.10, 51008,3,1
analytics,libobjenesis-java, 34844,2,2
analytics,libxext-dev, 82090,308,44
analytics,libruby1.9.1,,4,4
analytics,libboost-random-dev, 2804,28,28
analytics,perl-dbdabi-94,,7,7
analytics,libjs-jquery-metadata, 6998,2,2
analytics,libustr-1.0-1, 68404,337,149
analytics,libxxf86vm1, 10562,173,73
analytics,libblas.so,,11,10
analytics,erlang-webtool, 35748,8,2
analytics,libnet-dns-perl, 302044,1,1
analytics,libmcrypt4, 62974,1,1
analytics,libgraphicsmagick++11, 101432,3,2
analytics,libexpat1-dev, 115170,243,77
analytics,ttf-adf-universalis, 221028,1,1
analytics,libopenal-data, 100536,5,5
analytics,libcupsfilters1, 76646,8,4
analytics,libghc-regex-compat-dev, 18440,1,1
analytics,python-urlgrabber, 42446,3,2
analytics,libmono-system-serviceprocess4.0-cil, 26288,3,3
analytics,cmake-data, 1028686,48,48
analytics,libqt4-dbus, 6516,5,5
analytics,libtinfo-dev, 77176,134,66
analytics,lib32gomp1, 59700,20,7
analytics,lynx-cur, 1032276,1,1
analytics,libxcb-randr0, 14906,13,9
analytics,python-bzrlib, 1389830,3,3
analytics,libmono-system-runtime-durableinstancing4.0-cil, 19298,3,3
analytics,libopencv-stitching-dev, 206962,30,30
analytics,sysv-rc, 36056,82,73
analytics,libxdmcp-dev, 24954,135,46
analytics,libmono-system-web4.0-cil, 818026,70,4
analytics,node-ansi, 8590,15,5
analytics,libboost-test-dev, 2836,28,28
analytics,libsecret-1-0, 93382,1,1
analytics,libgl1-mesa-glx, 145574,285,73
analytics,libghc-case-insensitive-dev, 37688,1,1
analytics,mingw-w64-i686-dev, 2056160,1,1
analytics,libjansson4, 27300,7,7
analytics,libcommons-logging-java, 59484,25,8
analytics,python-requests, 53838,65,65
analytics,libvorbis-dev, 336278,1,1
analytics,libarpack2, 90938,5,4
analytics,libmono-opensystem-c4.0-cil, 13306,3,3
analytics,libmono-messaging4.0-cil, 22190,9,3
analytics,libtiffxx5, 5878,4,4
analytics,libpng12-0, 118660,611,118
analytics,libmono-system-ldap4.0-cil, 41284,3,3
analytics,node-tunnel-agent, 4018,5,5
analytics,libmono-system-data2.0-cil, 246514,40,4
analytics,bsdmainutils, 174582,5,3
analytics,libgcc1-armel-cross, 38308,10,1
analytics,libxcb-dri2-0-dev, 8428,15,9
analytics,libwayland-egl1,,4,4
analytics,libmpdec2, 82748,85,56
analytics,x11proto-video-dev, 17524,22,5
analytics,libmono-system-reactive-platformservices2.2-cil, 19616,3,3
analytics,g++, 1506,938,89
analytics,qtcore4-l10n, 612752,8,7
analytics,libavcodec-ffmpeg-extra56, 3946944,94,38
analytics,libopencv-video2.4v5, 120394,214,30
analytics,libmono-i18n4.0-all, 10176,3,3
analytics,libopenjp2-7, 104026,1,1
analytics,libxcb-sync-dev, 10128,28,9
analytics,python-urllib3, 56210,65,65
analytics,librpmsign3, 8252,6,3
analytics,libpulse-mainloop-glib0, 11578,2,2
analytics,liblua5.1-dev,,2,2
analytics,libxkbfile-dev, 71682,10,5
analytics,libghc-text-dev-1.2.0.6-68624,,5,1
analytics,libboost-coroutine1.58-dev, 20926,28,28
analytics,libsisu-guice-java, 614166,2,2
analytics,libxcb1-dev, 73404,321,46
analytics,erlang-crypto, 105188,12,2
analytics,erlang-base, 6949930,72,2
analytics,clang-3.6, 24766796,3,3
analytics,libgfortran-5-dev, 288940,10,10
analytics,openjdk-8-jre-headless, 26841508,8,8
analytics,erlang-snmp, 1528028,6,2
analytics,libhcrypto4-heimdal, 85866,1430,222
analytics,libck-connector0, 8784,9,9
analytics,libraw1394-11, 31046,93,42
analytics,ucf, 55540,278,135
analytics,util-linux, 778372,13,10
analytics,libxmuu-dev, 7044,5,5
analytics,libopencv-ts-dev, 356040,30,30
analytics,libbatteries-camlp4-dev,,2,2
analytics,libmono-system-xml-linq4.0-cil, 44530,24,3
analytics,node-minimatch, 13992,20,5
analytics,glib-networking-services, 15698,2,2
analytics,libgl2ps0, 35450,3,2
analytics,libghc-old-time-dev-1.1.0.2-90875,,1,1
analytics,rpm, 114508,2,2
analytics,libpaper-utils, 8244,8,4
analytics,libxcb-shm0-dev, 6670,42,37
analytics,libservlet2.5-java, 210316,4,4
analytics,libilmbase-dev, 70736,31,30
analytics,libtext-levenshtein-perl, 9404,1,1
analytics,libboost-exception1.58-dev, 4470,28,28
analytics,libgnutls-deb0-28, 519072,1220,234
analytics,libio-socket-inet6-perl, 13838,1,1
analytics,libmono-system-servicemodel-activation4.0-cil, 14382,12,3
analytics,libpython3.4-minimal, 465966,150,56
analytics,libkqueue0, 23266,3,1
analytics,libxml2, 691566,329,115
analytics,libamd2.3.1, 23458,16,4
analytics,openjdk-8-jre, 57976,7,7
analytics,libjack-jackd2-0v5,,5,5
analytics,libkpathsea6, 55252,12,2
analytics,libjpeg-turbo8, 104020,284,105
analytics,libjbig2dec0, 54934,8,4
analytics,x11proto-xf86dri-dev, 5630,10,5
analytics,libsm6, 15816,171,75
analytics,libopencv-photo2.4v5, 44146,91,30
analytics,python-html5lib, 83392,65,65
analytics,libasan0, 63366,38,32
analytics,libasan1, 196566,2,2
analytics,libasan2, 268774,227,135
analytics,libmono-system-web-dynamicdata4.0-cil, 36218,3,3
analytics,python-six, 10700,202,67
analytics,libboost-math1.58.0, 289404,28,28
analytics,libxcb-dri3-0, 5394,126,73
analytics,libghc-quickcheck2-dev, 427142,1,1
analytics,lsof, 256522,8,3
analytics,libxinerama-dev, 8404,43,40
analytics,libffcall1, 9688,2,2
analytics,php5-common, 483608,9,3
analytics,libboost-program-options1.58.0, 138688,31,31
analytics,libmono-management2.0-cil, 14340,3,3
analytics,libnfnetlink0, 13262,1,1
analytics,libexporter-tiny-perl, 28802,1,1
analytics,libqscintilla2-l10n, 38396,3,2
analytics,libcairo-script-interpreter2, 54308,42,37
analytics,vim-common, 102918,17,17
analytics,libilmbase12, 72176,96,30
analytics,libopencv-ml2.4v5, 190732,183,30
analytics,libx32gcc1, 38680,63,7
analytics,tcl, 4900,6,6
analytics,libmailtools-perl, 82636,1,1
analytics,cdebconf, 136432,13,12
analytics,libevent-openssl-2.0-5, 11206,7,7
analytics,libubsan0, 100212,229,136
analytics,libasyncns0, 12336,71,54
analytics,libelasticsearch1.6-java, 12165054,1,1
analytics,libquadmath0, 131332,437,147
analytics,libxxf86dga-dev, 17574,5,5
analytics,gcc-5-multilib, 962,17,7
analytics,fonts-lato, 2693084,1,1
analytics,libasound2-dev, 104642,2,2
analytics,libghc-base-dev-4.7.0.2-5ef1e,,31,1
analytics,ttf-adf-accanthis, 401302,1,1
analytics,libpam-modules, 245488,368,151
analytics,libboost-graph1.58-dev, 104136,28,28
analytics,libgstreamer-plugins-base1.0-0, 553318,4,4
analytics,libglu1,,46,38
analytics,libmono-webbrowser4.0-cil, 61808,11,4
analytics,tcl8.6, 14348,8,6
analytics,python3, 8810,319,46
analytics,lib32stdc++6, 404308,24,7
analytics,libmono-microsoft-build2.0-cil, 179512,7,3
analytics,libtwolame0, 49244,93,38
analytics,libipc-system-simple-perl, 24528,1,1
analytics,libghc-xhtml-dev,,1,1
analytics,libmono-c5-1.1-cil, 92124,3,3
analytics,libmono-microsoft-visualc10.0-cil, 13360,3,3
analytics,libghc-opengl-dev-2.12.0.1-cee9c,,1,1
analytics,libfsharp-core4.3-cil, 486334,1,1
analytics,php5-apcu, 78744,1,1
analytics,libssl1.0.0, 1091442,1034,247
analytics,libdc1394-22, 75724,77,42
analytics,libnunit-console-runner2.6.3-cil, 12658,3,3
analytics,libexif12, 77646,9,5
analytics,libavahi-client3, 25672,111,81
analytics,libmono-microsoft8.0-cil, 12748,3,3
analytics,libmono-system-reactive-debugger2.2-cil, 12136,3,3
analytics,debugedit, 15530,4,3
analytics,libqt4-script, 817212,23,7
analytics,libopencv-imgproc2.4,,9,9
analytics,nginx-common, 26940,25,7
analytics,libvncserver1, 121988,2,2
analytics,x11proto-fonts-dev, 67856,20,5
analytics,libboost-coroutine-dev, 3076,28,28
analytics,gsettings-backend,,4,2
analytics,xserver-common, 27860,7,7
analytics,ocaml-nox-4.01.0,,2,2
analytics,libjaxp1.3-java, 450366,7,7
analytics,python3-distlib, 112156,7,7
analytics,libtsan0, 248900,267,137
analytics,libharfbuzz0b, 139624,207,70
analytics,host, 4310,3,3
analytics,python-chardet-whl, 96502,3,3
analytics,libicu-dev, 8546282,49,46
analytics,libmono-system-servicemodel-discovery4.0-cil, 51240,3,3
analytics,python3-requests, 53690,7,7
analytics,libcommons-cli-java, 53712,15,8
analytics,libmono-system-data-services-client4.0-cil, 142004,6,3
analytics,libxcursor-dev, 29818,43,40
analytics,libxv1, 10346,44,37
analytics,libboost-thread1.58-dev, 48172,58,30
analytics,libplexus-interpolation-java, 61258,16,7
analytics,libboost-mpi-dev, 2880,28,28
analytics,libopencv-ts2.4v5, 229770,30,30
analytics,node-rimraf, 5702,15,5
analytics,gir1.2-atk-1.0, 17610,72,35
analytics,liblockfile1, 8056,3,3
analytics,libx32cilkrts5, 39494,20,7
analytics,libavresample2,,27,9
analytics,python3-html5lib, 79568,7,7
analytics,libhdb9-heimdal, 62110,2,1
analytics,libmono-system-web-applicationservices4.0-cil, 20044,20,4
analytics,libmono-debugger-soft4.0a-cil, 69968,3,3
analytics,libarchive13, 263138,52,51
analytics,texlive-latex-recommended, 10167214,6,2
analytics,libgomp1-armel-cross, 23984,2,1
analytics,libjasper1, 131370,74,36
analytics,libghc-async-dev, 41460,1,1
analytics,x11-common, 58638,542,112
analytics,libgl1-mesa-dri, 4303846,121,75
analytics,openssh-server, 348150,4,4
analytics,libghc-integer-gmp-dev-0.5.1.0-de489,,2,1
analytics,libwayland-cursor0, 10242,6,4
analytics,lib32stdc++-5-dev, 636532,4,4
analytics,libcommons-io-java, 175848,9,7
analytics,libganymed-ssh2-java, 377602,2,2
analytics,golang-doc, 2352178,4,4
analytics,librpmbuild3, 58034,6,3
analytics,libxcb-dri2-0, 7184,130,75
analytics,libc6-dev-armel-cross, 1608540,1,1
analytics,wish,,2,2
analytics,libc6-dev-x32, 1449250,10,7
analytics,gcc-mingw-w64, 11262,1,1
analytics,initscripts, 24774,80,71
analytics,uuid-dev, 26546,1,1
analytics,libboost-timer-dev, 2916,28,28
analytics,libio-string-perl, 11124,1,1
analytics,lib32gcc-5-dev, 2053680,17,7
analytics,libxdmcp6, 11250,278,109
analytics,libqtgui4, 4135400,52,7
analytics,libx11-data, 113070,190,98
analytics,libatk1.0-0, 56850,206,59
analytics,tesseract-ocr-osd, 2988308,1,1
analytics,libghc-parsec3-dev, 265732,1,1
analytics,libpython2.7-stdlib, 1794506,992,187
analytics,bzip2, 32678,179,100
analytics,libmono-cecil-vb0.9-cil, 142546,4,4
analytics,pypy-lib, 2274902,1,1
analytics,dpkg-dev, 583340,179,100
analytics,phpapi-20131226,,11,3
analytics,libghc-tf-random-dev-0.5-76485,,1,1
analytics,libjpeg-turbo8-dev, 242296,83,49
analytics,libdrm2, 25906,734,75
analytics,cpp, 27424,434,136
analytics,mono-gac, 15520,19,4
analytics,liblua5.2-0, 106118,8,3
analytics,liblwres90, 33122,6,3
analytics,libplexus-containers1.5-java, 293166,4,2
analytics,libboost-locale1.58-dev, 330562,28,28
analytics,gcc-5-arm-linux-gnueabi-base, 17092,5,1
analytics,libx32stdc++-5-dev, 607036,4,4
analytics,libjson-glib-1.0-0, 56232,2,2
