nosql,java-common, 130676,55,19,155
nosql,texlive-latex-base, 967562,1,1,155
nosql,libitm1, 27428,113,33,155
nosql,libevent-2.0-5, 112550,3,3,155
nosql,libz-dev,,6,4,155
nosql,libswresample-ffmpeg1, 50804,2,1,155
nosql,libavahi-common3, 22026,80,23,155
nosql,libopenmpi-dev, 378334,8,4,155
nosql,cron-daemon,,1,1,155
nosql,libcdparanoia0, 53142,2,2,155
nosql,libx264-142,,2,2,155
nosql,libreadline6, 117498,219,89,155
nosql,git-man, 727304,37,37,155
nosql,node-npmlog, 5844,4,2,155
nosql,libgssapi3-heimdal, 93866,123,73,155
nosql,libpth20, 44294,1,1,155
nosql,libtiff5, 145522,41,24,155
nosql,libvorbisenc2, 70396,40,24,155
nosql,python-jinja2, 108704,1,1,155
nosql,libodbc1, 176424,10,9,155
nosql,libsystemd0, 200400,136,48,155
nosql,libxrender1, 18482,180,24,155
nosql,python3.4-minimal, 1483102,71,25,155
nosql,gcc-5-base, 16714,2710,150,155
nosql,libprotobuf-dev, 473070,9,3,155
nosql,libplexus-bsh-factory-java, 7932,7,6,155
nosql,tk, 3192,1,1,155
nosql,gcc-4.8-base, 15834,81,5,155
nosql,libmpc3, 39676,238,34,155
nosql,libboost1.58-dev, 6233784,42,5,155
nosql,libdom4j-java, 322862,2,1,155
nosql,makedev, 26666,1,1,155
nosql,junit, 106136,14,6,155
nosql,libxbean-java, 816006,15,6,155
nosql,libxcb-present0, 5372,37,26,155
nosql,python-setuptools, 170878,19,17,155
nosql,libsoxr0, 101230,1,1,155
nosql,libgomp1, 55130,131,34,155
nosql,erlang-eunit, 133620,7,6,155
nosql,erlang-tools, 515280,10,7,155
nosql,libxau-dev, 11088,8,2,155
nosql,liblzma5, 80310,199,58,155
nosql,xfonts-encodings, 573352,45,28,155
nosql,libruby2.1, 3075636,7,4,155
nosql,libibverbs-dev, 77244,8,4,155
nosql,libsctp1, 8414,28,19,155
nosql,libxkbfile1, 65060,1,1,155
nosql,libboost-system1.58.0, 9102,33,9,155
nosql,libmircommon-dev, 15902,4,2,155
nosql,libatinject-jsr330-api-java, 22724,30,6,155
nosql,libc6-dev-x32, 1449250,2,1,155
nosql,libjpeg8-dev, 1552,4,4,155
nosql,fonts-gfs-didot, 277904,1,1,155
nosql,libservlet3.0-java, 302572,1,1,155
nosql,libpopt0, 26022,10,3,155
nosql,fonts-oflb-asana-math, 245552,1,1,155
nosql,perlapi-5.20.0,,8,8,155
nosql,libtomcat7-java, 3675848,2,1,155
nosql,perlapi-5.20.2,,17,10,155
nosql,emacs24-nox, 2972690,1,1,155
nosql,libqt4-scripttools, 224398,4,4,155
nosql,debianutils, 85010,239,113,155
nosql,fonts-lobster, 38654,1,1,155
nosql,libxml-sax-perl, 64596,1,1,155
nosql,java6-runtime-headless,,35,19,155
nosql,libcc1-0, 31002,83,33,155
nosql,libxapian22v5, 585024,1,1,155
nosql,libyaml-0-2, 47596,7,4,155
nosql,initscripts, 24774,50,36,155
nosql,libk5crypto3, 83484,358,81,155
nosql,libpulse-dev, 70364,4,2,155
nosql,erlang-inets, 720272,48,7,155
nosql,libmirclient-dev, 23348,8,2,155
nosql,node-mkdirp, 4690,6,2,155
nosql,libghc-array-dev-0.5.0.0-04535,,1,1,155
nosql,libvo-aacenc0, 71016,1,1,155
nosql,libudev1, 55282,59,26,155
nosql,libjline-java, 69372,9,6,155
nosql,libffi-dev, 162456,4,4,155
nosql,cron, 68140,1,1,155
nosql,libjsch-agent-proxy-java, 32922,7,6,155
nosql,fonts-linuxlibertine, 1687598,1,1,155
nosql,libpq5, 76194,3,3,155
nosql,libxcb-shm0, 5766,23,20,155
nosql,libgssrpc4, 54810,16,4,155
nosql,libharfbuzz-icu0, 5282,4,1,155
nosql,libcommons-net2-java, 193584,14,6,155
nosql,x11proto-core-dev, 699398,60,2,155
nosql,libcommons-lang-java, 267420,26,6,155
nosql,libxrandr2, 17604,73,22,155
nosql,libqt4-opengl, 302216,4,4,155
nosql,libwrap0, 46166,50,36,155
nosql,libcommons-parent-java, 6968,9,6,155
nosql,libxrender-dev, 24538,8,2,155
nosql,libdrm-intel1, 55252,37,26,155
nosql,libjs-sphinxdoc, 42888,1,1,155
nosql,libmpx0, 9822,86,33,155
nosql,install-info, 51232,353,105,155
nosql,libhttpclient-java, 660902,22,6,155
nosql,libqtcore4, 1559304,72,4,155
nosql,libboost-program-options1.58-dev, 168772,1,1,155
nosql,libxslt1.1, 146890,11,9,155
nosql,liblapack.so.3,,9,6,155
nosql,libcap2, 12846,15,8,155
nosql,libgcc-5-dev, 2228190,163,33,155
nosql,python2.7, 209794,142,84,155
nosql,libavformat56,,6,2,155
nosql,sgml-data, 173442,1,1,155
nosql,libjsoncpp0v5, 74214,11,11,155
nosql,libboost-date-time1.58-dev, 27334,2,1,155
nosql,libgles2-mesa-dev, 28032,4,2,155
nosql,node-lockfile, 5450,2,2,155
nosql,libavutil54,,14,2,155
nosql,libpgm-5.1-0, 157528,2,2,155
nosql,mercurial-common, 1700622,1,1,155
nosql,debconf-2.0,,881,128,155
nosql,libjack-jackd2-0, 139176,2,2,155
nosql,python-minimal, 28226,3,3,155
nosql,libjetty-java, 721120,9,6,155
nosql,libsisu-inject-java, 345064,7,6,155
nosql,scala-parser-combinators, 354974,1,1,155
nosql,libnetbeans-cvsclient-java, 348516,7,6,155
nosql,libgcc-4.8-dev, 1688924,27,5,155
nosql,libwavpack1, 74040,2,1,155
nosql,pinentry-curses, 31714,1,1,155
nosql,lib32ubsan0, 110050,4,1,155
nosql,procps, 212096,50,27,155
nosql,libp11-kit0, 107080,167,80,155
nosql,python3.5-minimal, 1555106,6,5,155
nosql,erlang-erl-docgen, 131394,7,6,155
nosql,libxfont1, 94716,46,28,155
nosql,libflac8, 210396,34,23,155
nosql,libmozjs185-1.0, 1136408,3,3,155
nosql,libapr1, 85958,9,3,155
nosql,libaprutil1-dbd-mysql, 12548,3,3,155
nosql,sphinx-common, 408062,1,1,155
nosql,libxinerama1, 7908,71,22,155
nosql,libgeronimo-osgi-support-java, 22696,1,1,155
nosql,libxext6, 29444,405,26,155
nosql,qtchooser, 22068,4,4,155
nosql,libcdi-api-java, 31906,14,6,155
nosql,libkadm5srv-mit9, 51150,4,4,155
nosql,apt, 986082,45,22,155
nosql,python-pkg-resources, 70678,63,27,155
nosql,libspeexdsp1, 39890,2,2,155
nosql,texlive-binaries, 9454732,8,1,155
nosql,libxvidcore4, 205724,4,3,155
nosql,libcups2, 196034,86,21,155
nosql,xz-utils, 78794,67,42,155
nosql,libedit2, 76648,55,42,155
nosql,libplexus-sec-dispatcher-java, 27064,14,6,155
nosql,rubygems-integration, 4866,4,4,155
nosql,libperl5.20, 664194,1,1,155
nosql,init-system-helpers, 14500,65,35,155
nosql,icu-devtools, 168136,11,10,155
nosql,libbz2-1.0, 30834,763,138,155
nosql,libldap-2.4-2, 161514,129,73,155
nosql,libjna-java, 151474,8,6,155
nosql,libxpp2-java, 162472,1,1,155
nosql,libclang1-3.6, 3698100,3,3,155
nosql,perl, 2617488,183,71,155
nosql,tzdata, 168490,50,25,155
nosql,libpixman-1-0, 237262,28,20,155
nosql,libxcb-shape0-dev, 6960,4,2,155
nosql,libgfortran3, 258498,20,6,155
nosql,libxml2, 691566,84,45,155
nosql,libxxf86dga1, 13706,20,18,155
nosql,java1-runtime-headless,,7,6,155
nosql,libjpeg8, 2194,149,29,155
nosql,libgbm1, 23474,8,4,155
nosql,emacsen-common, 17556,1,1,155
nosql,libsamplerate0, 937394,2,2,155
nosql,libsodium13, 134018,2,2,155
nosql,libavahi-common-dev, 36558,4,2,155
nosql,libpython-dev, 7836,9,9,155
nosql,x11-common, 58638,156,28,155
nosql,libepoxy0, 164522,2,2,155
nosql,file-rc,,49,36,155
nosql,libpangocairo-1.0-0, 20612,30,20,155
nosql,libgcrypt20, 335082,16,11,155
nosql,tzdata-java, 69140,29,19,155
nosql,node-tar, 17484,4,2,155
nosql,erlang-corba, 2232476,7,6,155
nosql,libapt-pkg4.16, 636794,109,27,155
nosql,libhamcrest-java, 372528,9,6,155
nosql,libghc-pretty-dev-1.1.1.1-84200,,1,1,155
nosql,intltool-debian, 24506,1,1,155
nosql,libpango-1.0-0, 151888,88,20,155
nosql,libxml-libxml-perl, 340298,1,1,155
nosql,libkdb5-8, 37316,4,4,155
nosql,libelf1, 39008,41,27,155
nosql,fonts-droid, 4108526,1,1,155
nosql,libxkbcommon-dev, 231250,8,2,155
nosql,libpcre3-dev, 520426,4,2,155
nosql,libcogl-pango20, 14088,2,2,155
nosql,fonts-crosextra-carlito, 742230,1,1,155
nosql,deltarpm, 116776,1,1,155
nosql,python-meld3, 30754,5,5,155
nosql,libghc-unix-dev-2.7.0.1-23487,,1,1,155
nosql,python-sqlitecachec, 21440,2,1,155
nosql,libstemmer0d, 62146,2,2,155
nosql,libmockobjects-java, 52440,2,2,155
nosql,libc-ares-dev, 108548,2,2,155
nosql,node-graceful-fs, 7102,6,2,155
nosql,libtasn1-6, 42700,165,80,155
nosql,libltdl7, 35306,46,13,155
nosql,x11proto-xf86vidmode-dev, 6116,4,2,155
nosql,python3-colorama, 14078,4,4,155
nosql,libvo-amrwbenc0, 66440,1,1,155
nosql,libx32quadmath0, 134164,4,1,155
nosql,libgl1-mesa-glx, 145574,61,26,155
nosql,python2.7:any, 209794,11,6,155
nosql,liblockfile-bin, 10838,1,1,155
nosql,xauth, 22742,1,1,155
nosql,libwind0-heimdal, 47740,246,73,155
nosql,libeclipse-aether-java, 563692,7,6,155
nosql,libcommons-cli-java, 53712,32,6,155
nosql,libqt4-svg, 138708,4,4,155
nosql,logrotate, 37642,1,1,155
nosql,libplexus-archiver-java, 170696,7,6,155
nosql,node-github-url-from-git, 3138,4,2,155
nosql,base-files, 59750,49,31,155
nosql,gsettings-desktop-schemas, 25778,2,2,155
nosql,libdpkg-perl, 194354,82,45,155
nosql,liborc-0.4-0, 140776,11,9,155
nosql,libselinux-dev,,1,1,155
nosql,liblapack3, 1843850,9,6,155
nosql,nginx-full, 422326,1,1,155
nosql,gcc, 5204,103,31,155
nosql,libc6-x32, 2456526,20,1,155
nosql,libsigsegv2, 14062,10,6,155
nosql,libtinfo5, 76136,791,110,155
nosql,libheimbase1-heimdal, 29318,246,73,155
nosql,gs-cjk-resource,,4,1,155
nosql,libxcb-xfixes0-dev, 11240,4,2,155
nosql,libgstreamer1.0-0, 729052,14,6,155
nosql,libxml2-utils, 35862,1,1,155
nosql,libaudit1, 35216,694,103,155
nosql,ivy, 1098936,4,2,155
nosql,ca-certificates-java, 12292,40,19,155
nosql,nginx-light, 299082,1,1,155
nosql,libaprutil1-dbd-pgsql, 12478,3,3,155
nosql,libxxf86vm-dev, 13302,12,2,155
nosql,libgtk2.0-common, 122530,21,19,155
nosql,libvorbis0a, 87270,42,24,155
nosql,libnettle6, 93326,566,79,155
nosql,node-qs, 7574,2,2,155
nosql,libasound2-data, 28422,28,23,155
nosql,libtbb2, 111616,4,2,155
nosql,libswscale3,,4,2,155
nosql,insserv, 38182,49,36,155
nosql,libdrm-amdgpu1, 15504,37,26,155
nosql,libqt4-test, 61672,4,4,155
nosql,libjsch-java, 267030,22,6,155
nosql,libdebian-installer4, 22044,10,10,155
nosql,libpotrace0, 17778,4,1,155
nosql,libsasl2-2, 49018,127,73,155
nosql,libcilkrts5, 40050,86,33,155
nosql,comerr-dev, 38458,4,4,155
nosql,libgl1-mesa-dri, 4303846,45,26,155
nosql,libhogweed4, 134848,286,78,155
nosql,x11proto-dri2-dev, 12552,8,2,155
nosql,texlive-latex-recommended, 10167214,2,1,155
nosql,libshine3, 25138,2,1,155
nosql,libxft2, 36120,21,19,155
nosql,libmircommon5, 87194,10,4,155
nosql,libgnutls-deb0-28, 519072,390,78,155
nosql,gettext, 856688,2,1,155
nosql,libxml-commons-external-java, 245248,7,6,155
nosql,gettext-base, 48252,1,1,155
nosql,node-block-stream, 4832,4,2,155
nosql,po-debconf, 234176,1,1,155
nosql,libpython2.7-dev, 27726182,22,12,155
nosql,libboost-atomic1.58.0, 7138,1,1,155
nosql,libatk-bridge2.0-0, 52314,22,19,155
nosql,libopencv-core2.4,,4,2,155
nosql,fonts-sil-gentium-basic, 379134,1,1,155
nosql,ghc, 35577036,1,1,155
nosql,libptexenc1, 34644,4,1,155
nosql,gcc-multilib, 1100,1,1,155
nosql,libexpat1, 71438,395,106,155
nosql,make, 148946,73,30,155
nosql,libxshmfence1, 5042,37,26,155
nosql,x11vnc-data, 203386,1,1,155
nosql,lsb-base, 13094,215,80,155
nosql,base-passwd, 56258,2,2,155
nosql,libmnl0, 11970,1,1,155
nosql,libcupsimage2, 16254,4,1,155
nosql,libxtst6, 14086,47,20,155
nosql,fonts-dejavu-core, 1038624,47,28,155
nosql,libcunit1, 24756,3,3,155
nosql,libboost-mpi1.58.0, 48362,4,4,155
nosql,tex-common, 590884,16,1,155
nosql,openjdk-7-jre, 173272,13,10,155
nosql,libjs-jquery, 68984,2,2,155
nosql,fonts-freefont-ttf, 4140296,46,28,155
nosql,sensible-utils, 10502,186,113,155
nosql,libnss3-nssdb, 10640,30,20,155
nosql,libusb-0.1-4, 16926,26,22,155
nosql,python-pygments, 469086,1,1,155
nosql,libpython2.7-minimal, 337128,276,84,155
nosql,libaprutil1-ldap, 8788,3,3,155
nosql,libcogl-path20, 30278,2,2,155
nosql,libatk-wrapper-java, 34014,20,18,155
nosql,libncursesw5, 122280,227,101,155
nosql,libxpm4, 33124,32,21,155
nosql,liblua5.1-0, 101942,4,4,155
nosql,libqtwebkit4, 9009072,4,4,155
nosql,libx11-xcb1, 8956,64,26,155
nosql,libpoppler52, 749282,4,1,155
nosql,libschroedinger-1.0-0, 293418,4,3,155
nosql,libpython3-stdlib, 7014,34,22,155
nosql,fonts-comfortaa, 130770,1,1,155
nosql,node-minimatch, 13992,8,2,155
nosql,libcupsfilters1, 76646,4,1,155
nosql,libdrm-nouveau2, 14292,37,26,155
nosql,libeasymock-java, 88330,7,6,155
nosql,libinput10, 53644,2,2,155
nosql,libclutter-1.0-0, 526848,4,2,155
nosql,libsndfile1, 137396,34,23,155
nosql,libmodplug1, 152800,1,1,155
nosql,python3-pkg-resources, 41350,12,4,155
nosql,libice-dev, 44894,4,2,155
nosql,python, 137338,196,77,155
nosql,libssl-dev, 1347070,2,2,155
nosql,libdbus-glib-1-2, 66872,17,17,155
nosql,libpcrecpp0v5, 15384,4,2,155
nosql,librtmp1, 54702,122,70,155
nosql,libgtk-3-common, 196222,4,2,155
nosql,docbook-xsl, 2146476,1,1,155
nosql,libacl1, 16340,9,8,155
nosql,node-slide, 6118,2,2,155
nosql,libwagon-java, 132704,14,6,155
nosql,libplexus-ant-factory-java, 11230,7,6,155
nosql,node-fstream-ignore, 5586,2,2,155
nosql,libjsoup-java, 298002,14,6,155
nosql,libpam0g, 58110,356,103,155
nosql,libjcip-annotations-java, 11586,2,1,155
nosql,nginx-core, 380526,1,1,155
nosql,libxt6, 160320,84,23,155
nosql,emacs24-common, 12648702,1,1,155
nosql,libosgi-core-java, 147256,3,1,155
nosql,sysvinit-utils, 25566,111,36,155
nosql,libservlet2.5-java, 210316,12,6,155
nosql,psmisc, 47250,6,1,155
nosql,libsensors4, 28368,27,27,155
nosql,libjatl-java, 25590,1,1,155
nosql,libcr0, 18848,14,4,155
nosql,libv8-3.14.5, 1189430,17,11,155
nosql,libxcb-render0-dev, 15330,8,2,155
nosql,libfontconfig1, 126516,240,27,155
nosql,libglib2.0-0, 1107914,478,37,155
nosql,mesa-common-dev, 444950,4,2,155
nosql,ttf-bitstream-vera, 351754,45,28,155
nosql,libltdl-dev, 157658,8,4,155
nosql,libxerces2-java, 1362252,10,6,155
nosql,libcommons-dbcp-java, 147750,1,1,155
nosql,adduser, 161698,69,25,155
nosql,openmpi-common, 101148,12,4,155
nosql,libmemcached11, 83978,1,1,155
nosql,mysql-client-core-5.6, 4034718,7,7,155
nosql,libwagon2-java, 2023266,7,6,155
nosql,libcommons-logging-java, 59484,31,6,155
nosql,libfuse2, 90932,2,1,155
nosql,fonts-freefont-otf, 3067628,1,1,155
nosql,libxalan2-java, 3166282,7,6,155
nosql,linux-libc-dev, 810804,161,42,155
nosql,libapache-pom-java, 4022,26,6,155
nosql,libegl1-mesa-dev, 18226,8,2,155
nosql,node-once, 2608,4,2,155
nosql,libvisual-0.4-0, 88084,2,2,155
nosql,unattended-upgrades, 30320,19,17,155
nosql,libxaw7, 173220,25,19,155
nosql,libghc-binary-dev-0.7.1.0-bba5d,,1,1,155
nosql,libjdom1-java, 150448,7,6,155
nosql,libglu1-mesa, 195026,4,2,155
nosql,libgdk-pixbuf2.0-0, 157736,46,20,155
nosql,erlang-parsetools, 153324,7,6,155
nosql,libevent-extra-2.0-5, 51338,3,3,155
nosql,libgcrypt11,,4,2,155
nosql,libcrypto++9v5, 887528,2,2,155
nosql,libibverbs1, 24692,22,4,155
nosql,libxml-sax-base-perl, 21514,1,1,155
nosql,liblog4j1.2-java, 425200,7,6,155
nosql,libevent-pthreads-2.0-5, 5338,3,3,155
nosql,libmaven-parent-java, 5786,7,6,155
nosql,libx265-59, 681676,2,1,155
nosql,libstdc++-5-dev, 1423386,114,30,155
nosql,python3-html5lib, 79568,4,4,155
nosql,libasan2, 268774,86,33,155
nosql,libinotifytools0, 16990,1,1,155
nosql,libxcursor1, 22830,31,22,155
nosql,poppler-data, 1473284,4,1,155
nosql,libcglib3-java, 725534,14,6,155
nosql,liblcms2-2, 136966,54,22,155
nosql,node-read, 4314,2,2,155
nosql,node-combined-stream, 4958,2,2,155
nosql,libprotobuf-lite9v5, 58274,18,4,155
nosql,libxstream-java, 589074,3,2,155
nosql,libpcre3, 220412,764,135,155
nosql,fonts-dejavu-extra, 1748684,1,1,155
nosql,libstdc++-dev,,27,5,155
nosql,libvncserver1, 121988,1,1,155
nosql,libplexus-containers-java, 187156,35,6,155
nosql,libboost-regex1.58-dev, 321722,1,1,155
nosql,libaprutil1-dbd-sqlite3, 10678,3,3,155
nosql,libnspr4, 111864,76,24,155
nosql,libglib2.0-bin, 39446,4,2,155
nosql,libjansi-native-java, 35254,4,2,155
nosql,libwayland-server0, 26868,20,4,155
nosql,libpython-stdlib, 7754,132,84,155
nosql,python-apt, 143216,3,3,155
nosql,libpython3-dev, 7110,4,4,155
nosql,libssh-gcrypt-4, 119560,1,1,155
nosql,libqt4-declarative, 1098026,8,4,155
nosql,redis-tools, 92562,1,1,155
nosql,lib32quadmath0, 203320,4,1,155
nosql,libzvbi-common, 32404,1,1,155
nosql,rpm-common, 25710,4,1,155
nosql,libclassworlds-java, 39336,15,6,155
nosql,openssl, 513306,101,66,155
nosql,python-lzma, 27876,2,1,155
nosql,fontconfig-config, 48712,73,28,155
nosql,erlang-base-hipe, 8609674,209,7,155
nosql,qtcore4-l10n, 612752,4,4,155
nosql,yum, 486002,1,1,155
nosql,libmtdev1, 13802,2,2,155
nosql,libusb-1.0-0, 42446,2,2,155
nosql,fonts-gfs-artemisia, 259808,1,1,155
nosql,libmail-java, 600644,1,1,155
nosql,erlang-ssl, 647100,38,7,155
nosql,libqt4-sql, 99284,8,4,155
nosql,libffi6, 17754,534,117,155
nosql,fonts-crosextra-caladea, 82310,1,1,155
nosql,libjpeg-dev, 1546,4,4,155
nosql,gpgv, 164506,26,22,155
nosql,libcroco3, 83166,3,3,155
nosql,libthai-data, 130744,23,20,155
nosql,libjack-0.116,,2,2,155
nosql,erlang-ssh, 400708,7,6,155
nosql,adwaita-icon-theme, 943512,8,2,155
nosql,libxcb-dri3-0, 5394,37,26,155
nosql,node-delayed-stream, 4750,2,2,155
nosql,libnss3, 1132950,102,20,155
nosql,python-distlib, 112180,15,15,155
nosql,libjackrabbit-java, 290070,7,6,155
nosql,libpaper1, 13450,12,1,155
nosql,libidn11, 92990,195,114,155
nosql,docbook-xml, 74356,1,1,155
nosql,python-rpm, 37620,2,1,155
nosql,libsm-dev, 16188,4,2,155
nosql,xsltproc, 13872,1,1,155
nosql,libxdamage-dev, 5028,8,2,155
nosql,libasm3-java, 669092,10,6,155
nosql,fonts-gfs-complutum, 41554,1,1,155
nosql,libsdl2-2.0-0, 324102,6,2,155
nosql,gcc-mingw-w64-i686, 23620284,1,1,155
nosql,libnuma-dev, 31662,8,4,155
nosql,libcairo2, 553056,62,20,155
nosql,node-abbrev, 3592,4,2,155
nosql,default-jre-headless, 4086,47,9,155
nosql,librpm3, 154944,8,1,155
nosql,libobjc-5-dev, 381622,5,3,155
nosql,libx32atomic1, 8960,4,1,155
nosql,groff-base, 1183020,1,1,155
nosql,libaio1, 6454,14,7,155
nosql,libncurses5-dev, 175810,1,1,155
nosql,libavdevice55,,2,2,155
nosql,apache2-utils, 82884,3,3,155
nosql,libgmp10, 240360,971,80,155
nosql,openjdk-7-jdk, 16286618,2,2,155
nosql,xorg-sgml-doctools, 12926,8,2,155
nosql,python-docutils, 347864,1,1,155
nosql,fonts-junicode, 641846,1,1,155
nosql,gyp, 200956,2,2,155
nosql,libgl1-mesa-dev, 5244,8,2,155
nosql,libheimntlm0-heimdal, 15120,123,73,155
nosql,findbugs, 3378822,1,1,155
nosql,x11proto-gl-dev, 17892,8,2,155
nosql,libgssapi-krb5-2, 119442,193,81,155
nosql,preview-latex-style, 185554,1,1,155
nosql,libcurl3-gnutls, 182778,101,64,155
nosql,python3-apt, 141530,35,17,155
nosql,libzip4, 36256,2,2,155
nosql,libplexus-io-java, 44696,7,6,155
nosql,libgraphite2-3, 54622,31,20,155
nosql,libapparmor1, 29784,2,2,155
nosql,libpng-dev,,6,4,155
nosql,openjdk-6-jre, 192186,1,1,155
nosql,libstartup-notification0, 18768,1,1,155
nosql,liblsan0, 109704,86,33,155
nosql,libleveldb1v5, 132092,2,2,155
nosql,libplexus-utils-java, 209550,92,6,155
nosql,libdb5.3, 669842,492,113,155
nosql,libpangoft2-1.0-0, 33446,49,20,155
nosql,python3-setuptools, 88912,4,4,155
nosql,netcat-traditional, 60678,1,1,155
nosql,gnupg, 623980,26,22,155
nosql,gsfonts, 3373970,45,28,155
nosql,libpcre32-3, 132956,4,2,155
nosql,python-chardet, 96170,16,16,155
nosql,libmirclient9, 149076,6,4,155
nosql,libgtk-3-0, 2286750,8,2,155
nosql,libcdio-cdda1, 15912,4,2,155
nosql,man-db, 857944,1,1,155
nosql,libfftw3-double3, 717764,8,4,155
nosql,erlang-odbc, 46906,7,6,155
nosql,libfreetype6, 311988,352,30,155
nosql,apt-utils, 180168,19,17,155
nosql,erlang-syntax-tools, 322154,21,6,155
nosql,libjansi-java, 57384,6,2,155
nosql,libegl1-mesa, 64412,12,4,155
nosql,tk8.6, 12322,1,1,155
nosql,libpolyglot-maven-java, 77318,1,1,155
nosql,apache2-bin, 921930,3,3,155
nosql,testng, 804704,1,1,155
nosql,libassuan0, 33362,3,1,155
nosql,openssh-sftp-server, 38318,9,9,155
nosql,libbcpg-java, 201514,1,1,155
nosql,libaprutil1, 78260,21,3,155
nosql,node-sigmund, 3818,2,2,155
nosql,libsdl1.2debian, 165476,2,2,155
nosql,libpython3.4-dev, 34425482,11,7,155
nosql,x11proto-kb-dev, 224462,4,2,155
nosql,libicu55, 7652486,90,47,155
nosql,libasn1-8-heimdal, 174838,492,73,155
nosql,python-support, 26672,3,3,155
nosql,libevent-core-2.0-5, 69376,12,3,155
nosql,python-colorama, 21398,15,15,155
nosql,libbcprov-java, 1969108,1,1,155
nosql,node-ini, 4770,2,2,155
nosql,libsasl2-modules, 47936,1,1,155
nosql,ubuntu-mono, 176072,2,2,155
nosql,libgirepository-1.0-1, 89438,32,16,155
nosql,libterm-readkey-perl, 28086,7,7,155
nosql,libxcb-shape0, 5956,24,20,155
nosql,libc6.1,,4,4,155
nosql,libobjenesis-java, 34844,9,6,155
nosql,lib32asan2, 264348,4,1,155
nosql,libatk1.0-data, 16858,23,20,155
nosql,erlang-runtime-tools, 162876,48,7,155
nosql,libxext-dev, 82090,32,2,155
nosql,ncurses-bin, 138536,1,1,155
nosql,debhelper, 731820,1,1,155
nosql,fonts-sil-gentium, 238252,1,1,155
nosql,java-wrappers, 9456,2,1,155
nosql,libc6-dev, 1966552,251,42,155
nosql,automaken,,1,1,155
nosql,libgeronimo-jta-1.0.1b-spec-java,,1,1,155
nosql,bsh, 4402,7,6,155
nosql,lib32mpx0, 11054,4,1,155
nosql,qdbus, 30078,4,4,155
nosql,libprotobuf9v5, 325862,10,3,155
nosql,libnspr4-dev, 211120,3,3,155
nosql,python-sqlite, 20880,1,1,155
nosql,lib32stdc++-5-dev, 636532,1,1,155
nosql,perl-dbdabi-94,,8,8,155
nosql,libegl1-x11,,2,2,155
nosql,gsfonts-x11, 9108,45,28,155
nosql,libustr-1.0-1, 68404,167,102,155
nosql,libpcsclite1, 21384,40,19,155
nosql,libpcre16-3, 141336,4,2,155
nosql,vim-runtime, 4983584,5,5,155
nosql,libxcb-randr0-dev, 18208,4,2,155
nosql,libxxf86vm1, 10562,61,26,155
nosql,erlang-webtool, 35748,17,7,155
nosql,java7-runtime,,6,6,155
nosql,python-apt-common, 18328,38,17,155
nosql,libgif4, 28554,20,18,155
nosql,libsoup-gnome2.4-1, 5038,2,2,155
nosql,libmcrypt4, 62974,1,1,155
nosql,lib32itm1, 29618,4,1,155
nosql,ttf-adf-universalis, 221028,1,1,155
nosql,libfftw3-quad3, 550258,8,4,155
nosql,libuuid1, 15008,171,99,155
nosql,golang-doc, 2352178,1,1,155
nosql,libtextwrap1, 10132,10,10,155
nosql,libtexluajit2, 213382,4,1,155
nosql,x11-xkb-utils, 153180,2,1,155
nosql,bsdutils, 49478,1,1,155
nosql,python-urlgrabber, 42446,1,1,155
nosql,libc6-i386, 2271928,22,1,155
nosql,libavcodec-extra-56,,8,2,155
nosql,libxpp3-java, 363764,4,2,155
nosql,libglapi-mesa, 23388,37,26,155
nosql,libxml-commons-resolver1.1-java, 91600,7,6,155
nosql,cmake-data, 1028686,11,11,155
nosql,libllvm3.6v5, 8083136,40,27,155
nosql,dh-python, 69304,34,22,155
nosql,libqt4-dbus, 6516,4,4,155
nosql,libtinfo-dev, 77176,1,1,155
nosql,binutils-mingw-w64-i686, 1738808,2,1,155
nosql,libunistring0, 279352,1,1,155
nosql,libxcb-randr0, 14906,4,2,155
nosql,liberror-perl, 21062,37,37,155
nosql,libprotoc9v5, 272128,3,1,155
nosql,gstreamer1.0-plugins-base, 493662,2,2,155
nosql,libcloog-isl4, 60840,3,1,155
nosql,libboost-thread1.58.0, 47044,1,1,155
nosql,fontconfig, 175888,28,22,155
nosql,libcap2-bin, 20282,6,6,155
nosql,x11proto-xinerama-dev, 4966,4,2,155
nosql,sysv-rc, 36056,49,36,155
nosql,libbsf-java, 71232,3,2,155
nosql,libxdmcp-dev, 24954,8,2,155
nosql,libcolord2, 99376,2,2,155
nosql,fonts-font-awesome, 434626,1,1,155
nosql,libx11-dev, 641540,68,2,155
nosql,libkeyutils1, 9636,171,81,155
nosql,libopenjfx-java, 9917460,1,1,155
nosql,python3-dbus, 83294,16,16,155
nosql,node-ansi, 8590,6,2,155
nosql,node-request, 14484,4,2,155
nosql,libfftw3-single3, 749412,8,4,155
nosql,libplexus-cli-java, 9700,7,6,155
nosql,libgdk-pixbuf2.0-common, 10086,23,20,155
nosql,mysql-client-5.6, 5108264,7,7,155
nosql,libsecret-1-0, 93382,2,1,155
nosql,xfonts-utils, 75276,45,28,155
nosql,libslf4j-java, 114268,52,6,155
nosql,libhttpcore-java, 573472,15,6,155
nosql,libavcodec56,,8,2,155
nosql,sun-java6-jre,,2,2,155
nosql,libcommons-collections3-java, 591854,2,1,155
nosql,erlang-public-key, 502922,24,7,155
nosql,libplexus-container-default-java, 153174,42,6,155
nosql,libboost-atomic1.58-dev, 5038,1,1,155
nosql,erlang-eldap, 96716,7,6,155
nosql,libguice-java, 596622,7,6,155
nosql,util-linux, 778372,13,10,155
nosql,libavfilter5,,2,2,155
nosql,node-cookie-jar, 3746,2,2,155
nosql,emacs24-common-non-dfsg, 4545334,1,1,155
nosql,perl-modules, 2500822,185,71,155
nosql,x11proto-input-dev, 117618,12,2,155
nosql,mingw-w64-i686-dev, 2056160,2,1,155
nosql,libxml-namespacesupport-perl, 13230,2,1,155
nosql,erlang-edoc, 292566,14,6,155
nosql,sgml-base, 12522,6,2,155
nosql,libcommons-httpclient-java, 278464,21,6,155
nosql,libroken18-heimdal, 40420,861,73,155
nosql,python-requests, 53838,16,16,155
nosql,patch, 90382,47,30,155
nosql,libmirprotobuf3, 92586,6,4,155
nosql,libdconf1, 31434,4,2,155
nosql,fonts-gfs-olga, 33400,1,1,155
nosql,libnetfilter-conntrack3, 45872,1,1,155
nosql,libplexus-interpolation-java, 61258,22,6,155
nosql,libatspi2.0-0, 57934,22,19,155
nosql,libxrandr-dev, 23742,4,2,155
nosql,libncurses5, 96060,39,28,155
nosql,libjson-glib-1.0-common, 5876,2,2,155
nosql,libboost-filesystem1.58-dev, 46336,5,5,155
nosql,libmysqlclient18, 690052,25,13,155
nosql,node-semver, 16226,6,2,155
nosql,libpng12-0, 118660,146,30,155
nosql,node-json-stringify-safe, 3544,2,2,155
nosql,libopus0, 156804,4,3,155
nosql,libtinyxml2.6.2v5, 29714,1,1,155
nosql,x11proto-damage-dev, 8286,4,2,155
nosql,libboost-test1.58.0, 188486,4,4,155
nosql,fonts-gfs-solomos, 40722,1,1,155
nosql,node-tunnel-agent, 4018,2,2,155
nosql,sed, 139052,9,4,155
nosql,bsdmainutils, 174582,1,1,155
nosql,gcc-5, 6707942,223,33,155
nosql,fonts-roboto, 367808,1,1,155
nosql,glib-networking-common, 10836,4,2,155
nosql,glib-networking, 42318,2,2,155
nosql,libxss-dev, 12716,4,2,155
nosql,libxcb-dri2-0-dev, 8428,8,2,155
nosql,golang-src, 6130332,2,1,155
nosql,libwayland-egl1,,8,4,155
nosql,x11proto-randr-dev, 33714,4,2,155
nosql,nodejs-dev, 168506,2,2,155
nosql,iptables, 261818,1,1,155
nosql,libmpdec2, 82748,43,25,155
nosql,x11proto-video-dev, 17524,4,2,155
nosql,x11proto-render-dev, 20148,4,2,155
nosql,libjna-jni, 30308,7,6,155
nosql,g++, 1506,65,28,155
nosql,libzzip-0-13, 26068,4,1,155
nosql,libecj-java, 1642808,1,1,155
nosql,libubsan0, 100212,86,33,155
nosql,libjansson4, 27300,5,5,155
nosql,g++-5, 15294278,97,30,155
nosql,libghc-directory-dev-1.2.1.0-5c0e4,,1,1,155
nosql,libxcb-render0, 11638,27,22,155
nosql,libavcodec-ffmpeg-extra56, 3946944,2,1,155
nosql,swig2.0, 875264,2,2,155
nosql,libjs-node-uuid, 11074,2,2,155
nosql,libcrystalhd3, 46118,2,1,155
nosql,xdg-utils, 58268,4,1,155
nosql,librhino-java, 1092882,1,1,155
nosql,libxcb-sync-dev, 10128,12,2,155
nosql,libdebconfclient0, 6310,2,2,155
nosql,python-urllib3, 56210,16,16,155
nosql,libkadm5clnt-mit9, 36796,4,4,155
nosql,libhdf5-openmpi-10, 1054280,4,4,155
nosql,libtexlua52, 90946,4,1,155
nosql,mingw-w64-common, 4795534,2,1,155
nosql,librpmio3, 68566,11,1,155
nosql,libqdox-java, 166806,8,6,155
nosql,mime-support, 31596,367,89,155
nosql,libdatrie1, 17234,23,20,155
nosql,libcogl20, 263086,8,2,155
nosql,libgtk-3-bin, 48096,2,2,155
nosql,cpp-5, 5962050,166,33,155
nosql,sip-api-11.2,,4,4,155
nosql,libattr1, 9756,572,136,155
nosql,libc6-dev-i386, 1204554,4,1,155
nosql,libsisu-guice-java, 614166,7,6,155
nosql,libopencore-amrnb0, 91954,1,1,155
nosql,libfindbugs-bcel-java, 563806,1,1,155
nosql,libxcb1-dev, 73404,44,2,155
nosql,node-normalize-package-data, 9286,2,2,155
nosql,x11proto-fixes-dev, 14248,8,2,155
nosql,erlang-crypto, 105188,41,7,155
nosql,libboost-date-time1.58.0, 20582,2,1,155
nosql,libjetty-extra-java, 262946,1,1,155
nosql,libpulse-mainloop-glib0, 11578,4,2,155
nosql,erlang-base, 6949930,209,7,155
nosql,zlib1g-dev, 167514,47,24,155
nosql,libnspr4-0d, 6636,36,24,155
nosql,node-async, 22216,2,2,155
nosql,clang-3.6, 24766796,2,2,155
nosql,libaudio2, 50974,4,4,155
nosql,libcdio-paranoia1, 15412,2,2,155
nosql,node-retry, 6172,2,2,155
nosql,openjdk-8-jre-headless, 26841508,8,8,155
nosql,libdevmapper1.02.1, 121096,2,1,155
nosql,node-fstream, 19496,8,2,155
nosql,libhcrypto4-heimdal, 85866,492,73,155
nosql,libck-connector0, 8784,9,9,155
nosql,libraw1394-11, 31046,2,2,155
nosql,hicolor-icon-theme, 7750,6,2,155
nosql,gir1.2-glib-2.0, 125558,32,16,155
nosql,golang-go, 24125508,2,1,155
nosql,libxcomposite1, 7714,46,20,155
nosql,libsqlite0, 139410,1,1,155
nosql,libqtassistantclient4, 12790,4,4,155
nosql,libpython2.7, 1063900,33,15,155
nosql,libboost-filesystem1.58.0, 37784,11,9,155
nosql,libblas.so.3,,18,6,155
nosql,node-inherits, 3060,12,2,155
nosql,libnuma1, 20894,47,29,155
nosql,libghc-time-dev-1.4.2-7808a,,1,1,155
nosql,libcommons-codec-java, 232490,21,6,155
nosql,java7-runtime-headless,,10,7,155
nosql,libosgi-annotation-java, 3850,1,1,155
nosql,erlang-asn1, 708510,24,7,155
nosql,c-compiler,,5,5,155
nosql,glib-networking-services, 15698,2,2,155
nosql,libqt4-network, 564092,24,4,155
nosql,libxdamage1, 6946,66,26,155
nosql,groovy2, 11101980,1,1,155
nosql,humanity-icon-theme, 1331024,2,2,155
nosql,libnewt0.52, 40842,10,10,155
nosql,libblas-common, 3058,9,6,155
nosql,libbsh-java, 264220,8,6,155
nosql,libbluray1, 126464,1,1,155
nosql,erlang-xmerl, 967322,21,6,155
nosql,rpm, 114508,2,1,155
nosql,libsdl2-dev, 1116406,2,2,155
nosql,libavformat-ffmpeg56, 774988,1,1,155
nosql,libtcl8.6, 877664,13,6,155
nosql,node-mime, 11928,4,2,155
nosql,apache2-data, 160048,3,3,155
nosql,libsepol1, 109672,167,102,155
nosql,libdrm-radeon1, 21492,37,26,155
nosql,libzmq3, 133256,2,2,155
nosql,node-archy, 3660,2,2,155
nosql,libev4, 29612,3,3,155
nosql,libmaven3-core-java, 1440834,7,6,155
nosql,libprocps3, 31660,37,27,155
nosql,libosgi-compendium-java, 184916,2,1,155
nosql,unzip, 159008,1,1,155
nosql,python3.4, 186034,43,25,155
nosql,python3.5, 149874,6,5,155
nosql,erlang-diameter, 632598,7,6,155
nosql,gcc-5-multilib, 962,3,1,155
nosql,locales, 2686152,1,1,155
nosql,libgs9-common, 2938004,4,1,155
nosql,php5-cli, 2250850,1,1,155
nosql,ant, 1891700,2,1,155
nosql,libsnappy1v5, 15992,6,4,155
nosql,krb5-multidev, 113770,4,4,155
nosql,libnss3-1d, 9354,2,1,155
nosql,libavutil-ffmpeg54, 165656,4,1,155
nosql,mount, 122490,50,36,155
nosql,libnative-platform-java, 47646,1,1,155
nosql,libisl13, 456262,240,34,155
nosql,libjcifs-java, 373722,1,1,155
nosql,php5-json, 18210,2,1,155
nosql,libplexus-interactivity-api-java, 14166,21,6,155
nosql,libgnutls26,,2,2,155
nosql,libpython3.4-minimal, 465966,74,25,155
nosql,libx32ubsan0, 102088,4,1,155
nosql,libfontenc1, 13898,111,28,155
nosql,libgdbm3, 16926,157,72,155
nosql,fonts-sil-gentiumplus, 752608,1,1,155
nosql,libasound2-dev, 104642,4,2,155
nosql,libevent-openssl-2.0-5, 11206,3,3,155
nosql,mysql-common, 14678,32,13,155
nosql,libslang2, 412978,22,11,155
nosql,libgoogle-gson-java, 174686,1,1,155
nosql,libpam-runtime, 39778,10,10,155
nosql,file, 20744,6,5,155
nosql,nodejs, 683742,98,2,155
nosql,libopenjpeg5, 104144,4,3,155
nosql,texlive-base, 18078746,6,1,155
nosql,libgeronimo-interceptor-3.0-spec-java, 6194,7,6,155
nosql,libsemanage-common, 6238,167,102,155
nosql,openjdk-8-jre, 57976,8,8,155
nosql,libwayland-egl1-mesa, 6532,12,4,155
nosql,libjs-excanvas, 45152,1,1,155
nosql,libboost-serialization1.58.0, 113666,14,5,155
nosql,libdrm2, 25906,216,26,155
nosql,libice6, 39226,76,23,155
nosql,libxcb-dri3-dev, 5810,8,2,155
nosql,libkpathsea6, 55252,8,1,155
nosql,libjpeg-turbo8, 104020,50,29,155
nosql,libghc-deepseq-dev-1.3.0.2-93178,,1,1,155
nosql,lib32gcc1, 46242,12,1,155
nosql,libxfixes3, 11130,93,26,155
nosql,libx32gomp1, 53996,4,1,155
nosql,esl-erlang,,1,1,155
nosql,libxtables10, 26566,1,1,155
nosql,dpkg, 2084160,640,109,155
nosql,libopenjfx-jni, 8421654,1,1,155
nosql,libv8-3.14-dev, 57636,2,2,155
nosql,node-node-uuid, 2530,2,2,155
nosql,libxcb-xfixes0, 9156,10,4,155
nosql,node-underscore, 3780,2,2,155
nosql,libxcb-util1, 11198,1,1,155
nosql,libkrb5support0, 30528,525,81,155
nosql,xkb-data, 296870,7,5,155
nosql,coreutils, 1137758,148,80,155
nosql,python2.7-dev, 270226,9,9,155
nosql,libmaven-scm-java, 893946,7,6,155
nosql,libstdc++6, 392982,1147,100,155
nosql,adwaita-icon-theme-full, 9427862,2,2,155
nosql,python-html5lib, 83392,15,15,155
nosql,libpython3.4-stdlib, 2121338,85,25,155
nosql,autotools-dev, 39560,10,6,155
nosql,libasound2, 337430,35,23,155
nosql,libjs-underscore, 46666,3,3,155
nosql,python3.4-dev, 417010,4,4,155
nosql,libpython3.5-minimal, 520680,12,5,155
nosql,libasan0, 63366,27,5,155
nosql,python-deltarpm, 20986,1,1,155
nosql,libgpm2, 16530,6,6,155
nosql,libx32itm1, 27036,4,1,155
nosql,libhdf5-10, 1033714,3,3,155
nosql,libxcb-sync1, 8608,37,26,155
nosql,libavahi-common-data, 21112,40,23,155
nosql,libxmu6, 45996,49,19,155
nosql,libfftw3-bin, 31656,4,4,155
nosql,python3-numpy, 1708594,1,1,155
nosql,libjline2-java, 106558,2,1,155
nosql,libpulse0, 243362,53,23,155
nosql,python3-numpy-abi9,,1,1,155
nosql,node-forever-agent, 3194,2,2,155
nosql,libobjc4, 111144,3,3,155
nosql,iso-codes, 2297614,25,20,155
nosql,lsof, 256522,6,1,155
nosql,libxinerama-dev, 8404,4,2,155
nosql,php5-common, 483608,7,1,155
nosql,libghc-cabal-dev, 3748860,1,1,155
nosql,python2.7-minimal, 1262358,266,84,155
nosql,openjdk-7-jre-headless, 39747944,53,19,155
nosql,g++-5-multilib, 978,1,1,155
nosql,libboost-program-options1.58.0, 138688,1,1,155
nosql,libc-dev,,140,41,155
nosql,libnfnetlink0, 13262,2,2,155
nosql,libregexp-java, 35146,9,6,155
nosql,libsoup2.4-1, 263000,4,2,155
nosql,node-lru-cache, 5674,6,2,155
nosql,libreflectasm-java, 17772,2,1,155
nosql,libplexus-cipher-java, 14536,14,6,155
nosql,libgeronimo-jpa-2.0-spec-java, 81824,1,1,155
nosql,libgeoip1, 69274,3,1,155
nosql,libqtgui4, 4135400,32,4,155
nosql,libqt4-designer, 3638480,4,4,155
nosql,vim-common, 102918,5,5,155
nosql,libgd3, 125470,4,2,155
nosql,libx32gcc1, 38680,12,1,155
nosql,readline-common, 51566,175,89,155
nosql,python3-six, 10772,13,5,155
nosql,libfreetype6-dev, 630218,2,2,155
nosql,tcl, 4900,4,4,155
nosql,x11proto-xext-dev, 212136,8,2,155
nosql,node-ansi-color-table, 4478,2,2,155
nosql,libavahi-client-dev, 30546,4,2,155
nosql,cdebconf, 136432,10,10,155
nosql,scala-xml, 601416,1,1,155
nosql,fonts-gfs-neohellenic, 215030,1,1,155
nosql,libregina3, 250826,1,1,155
nosql,libvncclient1, 56568,1,1,155
nosql,libasyncns0, 12336,34,23,155
nosql,libwebp5, 164654,2,1,155
nosql,libgpg-error0, 33228,104,54,155
nosql,librsvg2-common, 5038,2,2,155
nosql,libnekohtml-java, 120438,1,1,155
nosql,libgmpxx4ldbl, 9160,5,5,155
nosql,libjs-inherits, 2794,2,2,155
nosql,libhwloc5, 88676,22,4,155
nosql,erlang-dev, 333104,1,1,155
nosql,libhwloc-dev, 143980,8,4,155
nosql,tcl8.6, 14348,7,4,155
nosql,libcurl3, 185802,18,15,155
nosql,libquadmath0, 131332,134,33,155
nosql,libdbi-perl, 772350,15,8,155
nosql,erlang-snmp, 1528028,14,6,155
nosql,python-roman, 7844,1,1,155
nosql,fonts-lato, 2693084,1,1,155
nosql,libxshmfence-dev, 3676,8,2,155
nosql,libgnutls-openssl27, 20322,1,1,155
nosql,lib32atomic1, 8722,4,1,155
nosql,bnd, 1235140,1,1,155
nosql,libx11-data, 113070,44,28,155
nosql,libijs-0.35, 15490,4,1,155
nosql,ttf-adf-accanthis, 401302,1,1,155
nosql,libkryo-java, 152912,1,1,155
nosql,node-which, 3678,4,2,155
nosql,libblkid1, 107258,63,36,155
nosql,fonts-ebgaramond-extra, 933478,1,1,155
nosql,libgstreamer-plugins-base1.0-0, 553318,8,6,155
nosql,libjemalloc1, 77262,5,4,155
nosql,libblas3, 160660,18,6,155
nosql,libhx509-5-heimdal, 107246,123,73,155
nosql,libnative-platform-jni, 9840,1,1,155
nosql,dpkg-dev, 583340,47,30,155
nosql,ca-certificates, 203666,111,59,155
nosql,libdbus-1-dev, 161328,8,2,155
nosql,libcaca0, 202214,2,2,155
nosql,libgtk2.0-0, 1774876,41,19,155
nosql,libxmuu1, 9668,21,19,155
nosql,aspectj, 18016,1,1,155
nosql,python3, 8810,178,22,155
nosql,libkrb5-26-heimdal, 201416,246,73,155
nosql,libboost-chrono1.58-dev, 15428,2,1,155
nosql,node-sha, 4272,2,2,155
nosql,libglu1-mesa-dev, 269502,4,2,155
nosql,python:any, 137338,212,41,155
nosql,libdbd-mysql-perl, 88638,7,7,155
nosql,ucf, 55540,121,60,155
nosql,librpmsign3, 8252,2,1,155
nosql,libapt-inst1.7, 58018,48,22,155
nosql,libvpx1,,2,2,155
nosql,libvpx2, 687732,4,3,155
nosql,libaprutil1-dbd-freetds,,3,3,155
nosql,libbsd-dev, 124764,1,1,155
nosql,binutils, 2279400,136,34,155
nosql,libclang-common-3.6-dev, 701460,2,2,155
nosql,docutils-common, 141410,1,1,155
nosql,libboost-system1.58-dev, 8582,7,5,155
nosql,libgles2-mesa, 12528,4,2,155
nosql,libtk8.6, 698718,1,1,155
nosql,libwayland-client0, 21978,34,4,155
nosql,autopoint, 389506,1,1,155
nosql,pinentry,,1,1,155
nosql,pkg-config, 40048,10,2,155
nosql,php5-apcu, 78744,1,1,155
nosql,shared-mime-info, 389278,23,20,155
nosql,libdc1394-22, 75724,2,2,155
nosql,dmsetup, 40102,1,1,155
nosql,gcc-mingw-w64-base, 11698,3,1,155
nosql,dnsmasq-base, 294570,1,1,155
nosql,librest-0.7-0, 31884,2,2,155
nosql,libsasl2-modules-db, 14564,126,73,155
nosql,libprotobuf-c-dev, 24062,1,1,155
nosql,udev, 970340,1,1,155
nosql,libtwolame0, 49244,2,1,155
nosql,libjformatstring-java, 32948,1,1,155
nosql,python3-software-properties, 19516,16,16,155
nosql,libghc-process-dev-1.2.0.0-be94c,,1,1,155
nosql,junit4, 281186,19,6,155
nosql,libsynctex1, 41606,4,1,155
nosql,python3-urllib3, 56340,4,4,155
nosql,erlang-ic, 815572,7,6,155
nosql,debugedit, 15530,1,1,155
nosql,openjdk-6-jre-headless, 31107386,2,1,155
nosql,libghc-filepath-dev-1.3.0.2-d36b1,,1,1,155
nosql,libqt4-script, 817212,16,4,155
nosql,openssh-client, 601118,22,9,155
nosql,node-glob, 13214,6,2,155
nosql,node-mute-stream, 4096,2,2,155
nosql,language-pack-en, 1810,1,1,155
nosql,libopencv-imgproc2.4,,2,2,155
nosql,nginx-common, 26940,4,1,155
nosql,texlive-pictures, 3088684,1,1,155
nosql,automake, 511386,1,1,155
nosql,passwd, 764542,200,102,155
nosql,libsqlite3-0, 383568,352,115,155
nosql,libkrb5-3, 274524,225,81,155
nosql,libudev-dev, 18976,4,2,155
nosql,libva1, 41964,4,3,155
nosql,scala-library, 9240100,1,1,155
nosql,python3-pycurl, 35980,16,16,155
nosql,node-osenv, 3772,4,2,155
nosql,fonts-inconsolata, 61792,1,1,155
nosql,gsettings-backend,,4,2,155
nosql,xserver-common, 27860,1,1,155
nosql,nginx-extras, 593616,1,1,155
nosql,libaspectj-java, 11220324,1,1,155
nosql,libmagic1, 211078,8,7,155
nosql,tcl8.6-dev, 887214,3,3,155
nosql,libgme0, 116420,1,1,155
nosql,libx11-xcb-dev, 9730,8,2,155
nosql,libevdev2, 28562,2,2,155
nosql,python3-distlib, 112156,4,4,155
nosql,libplexus-classworlds-java, 49214,7,6,155
nosql,libcommons-pool-java, 104698,2,1,155
nosql,libharfbuzz0b, 139624,31,20,155
nosql,libpam-modules, 245488,191,103,155
nosql,libintl-perl, 804786,1,1,155
nosql,libicu-dev, 8546282,6,5,155
nosql,libboost-serialization1.58-dev, 147588,10,5,155
nosql,libc-ares2, 38506,17,11,155
nosql,node-read-package-json, 7780,2,2,155
nosql,python3-gi, 162422,16,16,155
nosql,libcdio13, 54398,4,2,155
nosql,libx32asan2, 257374,4,1,155
nosql,libxcb-glx0, 21650,37,26,155
nosql,libplexus-utils2-java, 229004,14,6,155
nosql,fonts-ebgaramond, 650772,1,1,155
nosql,libjbig2dec0, 54934,4,1,155
nosql,fonts-cabin, 140194,1,1,155
nosql,node-gyp, 19434,2,2,155
nosql,libgl1,,55,25,155
nosql,libxv1, 10346,24,20,155
nosql,libboost-thread1.58-dev, 48172,1,1,155
nosql,libqt4-xml, 97042,16,4,155
nosql,libxcb-present-dev, 6666,8,2,155
nosql,libjdepend-java, 245772,1,1,155
nosql,libpython3.4, 1289622,14,7,155
nosql,libminlog-java, 6472,1,1,155
nosql,libpthread-stubs0-dev, 4068,4,2,155
nosql,python-markupsafe, 15736,1,1,155
nosql,node-rimraf, 5702,6,2,155
nosql,libgs9, 2061740,4,1,155
nosql,tcl-expect, 104794,2,2,155
nosql,libxt-dev, 393636,4,2,155
nosql,liblockfile1, 8056,1,1,155
nosql,libxcb1, 40138,415,29,155
nosql,libssl1.0.0, 1091442,470,126,155
nosql,node-form-data, 6412,2,2,155
nosql,libglib2.0-dev, 1367110,4,2,155
nosql,libx32gcc-5-dev, 1870276,3,1,155
nosql,libghc-base-dev-4.7.0.2-5ef1e,,1,1,155
nosql,libjsr305-java, 26420,8,6,155
nosql,python3:any, 8810,128,22,155
nosql,xml-core, 23274,4,2,155
nosql,libplexus-classworlds2-java, 46722,21,6,155
nosql,libx32cilkrts5, 39494,4,1,155
nosql,libjna-platform-java, 725060,7,6,155
nosql,libproxy1v5, 47652,4,2,155
nosql,libboost-chrono1.58.0, 13176,2,1,155
nosql,libdrm-dev, 194264,12,2,155
nosql,librsvg2-2, 91300,2,2,155
nosql,libqtdbus4, 186228,16,4,155
nosql,libbsd0, 34938,54,42,155
nosql,erlang-os-mon, 89822,7,6,155
nosql,git, 2951026,3,3,155
nosql,lib32gomp1, 59700,4,1,155
nosql,xtrans-dev, 70516,4,2,155
nosql,libclutter-gtk-1.0-0, 24474,2,2,155
nosql,m4, 193100,10,6,155
nosql,libavresample2,,6,2,155
nosql,libmng2, 169010,4,4,155
nosql,libpciaccess0, 18106,33,26,155
nosql,rpm2cpio, 7700,1,1,155
nosql,python-pycurl, 35988,4,4,155
nosql,libgsm1, 27150,4,3,155
nosql,language-pack-en-base, 493030,1,1,155
nosql,libxi6, 28530,84,24,155
nosql,libopencore-amrwb0, 45818,1,1,155
nosql,ruby2.1, 73880,4,4,155
nosql,libglib2.0-data, 128582,4,2,155
nosql,libosgi-foundation-ee-java, 335944,1,1,155
nosql,libgradle-core-java, 2766822,2,1,155
nosql,erlang-nox, 14292,1,1,155
nosql,libspeex1, 51256,8,5,155
nosql,netbase, 12906,1,1,155
nosql,libantlr-java, 426856,4,2,155
nosql,libxau6, 8376,59,29,155
nosql,libxfixes-dev, 10916,20,2,155
nosql,node-nopt, 9544,4,2,155
nosql,x11proto-scrnsaver-dev, 24988,4,2,155
nosql,python-libxml2, 142398,2,1,155
nosql,openssh-server, 348150,4,4,155
nosql,mpi-default-dev, 4008,4,4,155
nosql,libaudit-common, 4080,173,103,155
nosql,lib32cilkrts5, 43510,4,1,155
nosql,erlang-percept, 132154,7,6,155
nosql,libcommons-io-java, 175848,15,6,155
nosql,libganymed-ssh2-java, 377602,7,6,155
nosql,libatk-wrapper-java-jni, 27432,20,18,155
nosql,libboost-test1.58-dev, 231696,4,4,155
nosql,librpmbuild3, 58034,2,1,155
nosql,libxv-dev, 32382,4,2,155
nosql,libavahi-client3, 25672,40,23,155
nosql,libvdpau1, 24742,2,2,155
nosql,libboost-regex1.58.0, 262974,1,1,155
nosql,libqt4-xmlpatterns, 1095904,8,4,155
nosql,libc-dev-bin, 68592,159,42,155
nosql,libboost-mpi1.58-dev, 148002,4,4,155
nosql,libpaper-utils, 8244,4,1,155
nosql,libxcb-dri2-0, 7184,43,26,155
nosql,python-six, 10700,49,17,155
nosql,python3-chardet, 96162,4,4,155
nosql,libghc-bytestring-dev-0.10.4.0-26103,,1,1,155
nosql,liblogback-java, 626618,1,1,155
nosql,erlang-mnesia, 665132,48,7,155
nosql,libsdl2-ttf-2.0-0, 16264,2,2,155
nosql,libmaven2-core-java, 709980,14,6,155
nosql,libmp3lame0, 127316,4,3,155
nosql,libx32stdc++6, 383892,5,1,155
nosql,java5-runtime-headless,,16,7,155
nosql,lib32gcc-5-dev, 2053680,3,1,155
nosql,autoconf, 321016,6,5,155
nosql,libxdmcp6, 11250,54,29,155
nosql,x11-utils, 189138,20,18,155
nosql,ruby2.1-dev, 896184,3,3,155
nosql,libjson-c2, 22332,35,24,155
nosql,libatk1.0-0, 56850,68,20,155
nosql,libxss1, 8582,9,3,155
nosql,libmpfr4, 189762,327,34,155
nosql,dconf-service, 27092,2,2,155
nosql,python3-requests, 53690,4,4,155
nosql,liblzo2-2, 48716,15,14,155
nosql,libtsan0, 248900,113,33,155
nosql,libprotobuf-c1, 18200,1,1,155
nosql,libopenmpi1.6, 1432454,22,4,155
nosql,libhawtjni-runtime-java, 54016,8,2,155
nosql,liblua5.2-0, 106118,4,1,155
nosql,fonts-lobstertwo, 92738,1,1,155
nosql,libjaxen-java, 206112,10,6,155
nosql,libgradle-plugins-java, 4827014,1,1,155
nosql,ttf-adf-gillius, 400078,1,1,155
nosql,libxcb-glx0-dev, 26740,8,2,155
nosql,libsm6, 15816,42,23,155
nosql,libpython2.7-stdlib, 1794506,302,84,155
nosql,libthai0, 17008,23,20,155
nosql,libghc-containers-dev-0.5.5.1-455e7,,1,1,155
nosql,libpython3.5-stdlib, 2136674,6,5,155
nosql,bzip2, 32678,74,56,155
nosql,python-numpy-abi9,,2,2,155
nosql,libspeex-dev, 62610,2,2,155
nosql,antlr, 6446,3,2,155
nosql,java2-runtime-headless,,11,6,155
nosql,libwayland-dev, 111378,8,2,155
nosql,default-jre, 1010,9,8,155
nosql,libgmp-dev, 315584,5,5,155
nosql,dconf-gsettings-backend, 19450,4,2,155
nosql,libpipeline1, 24914,1,1,155
nosql,libjaxp1.3-java, 450366,8,6,155
nosql,libstdc++-4.8-dev, 1052702,27,5,155
nosql,lsb-release, 11572,39,18,155
nosql,libsemanage1, 71182,167,102,155
nosql,libtheora0, 162470,6,5,155
nosql,phpapi-20131226,,9,1,155
nosql,libkmod2, 39582,1,1,155
nosql,libxkbcommon0, 97170,18,4,155
nosql,libwayland-cursor0, 10242,12,4,155
nosql,libexpat1-dev, 115170,39,18,155
nosql,libogg0, 17192,77,24,155
nosql,libjcommander-java, 55834,1,1,155
nosql,libjpeg-turbo8-dev, 242296,4,4,155
nosql,emacs24-bin-common, 105240,1,1,155
nosql,libarchive13, 263138,15,14,155
nosql,libatomic1, 8950,113,33,155
nosql,python-numpy, 1638568,2,2,155
nosql,libservlet3.1-java, 389190,7,6,155
nosql,python-greenlet, 18428,1,1,155
nosql,anacron, 27150,1,1,155
nosql,libtext-unidecode-perl, 100670,1,1,155
nosql,libxcursor-dev, 29818,4,2,155
nosql,fonts-stix, 588104,1,1,155
nosql,libtool, 180492,1,1,155
nosql,libasprintf0v5, 6676,1,1,155
nosql,libxi-dev, 184906,4,2,155
nosql,libjarjar-java, 119728,1,1,155
nosql,libx264-146, 603776,2,1,155
nosql,libguava-java, 1980392,36,6,155
nosql,libdoxia-core-java, 148008,7,6,155
nosql,libplexus-containers1.5-java, 293166,15,6,155
nosql,libaprutil1-dbd-odbc, 16380,3,3,155
nosql,ubuntu-keyring, 16738,26,22,155
nosql,libqt4-help, 207156,4,4,155
nosql,libsisu-plexus-java, 181960,7,6,155
nosql,libavcodec-ffmpeg56, 3944706,2,1,155
nosql,libzvbi0, 236770,2,1,155
nosql,openjdk-6-jre-lib, 5999540,1,1,155
nosql,libfftw3-long3, 306382,8,4,155
nosql,perl-base, 1212490,390,82,155
nosql,libasm4-java, 252270,17,6,155
nosql,libsecret-common, 4360,2,1,155
nosql,libaopalliance-java, 9214,14,6,155
nosql,libselinux1, 59214,668,108,155
nosql,cpp, 27424,160,33,155
nosql,libcairo-gobject2, 17298,4,2,155
nosql,libdbus-1-3, 159534,186,41,155
nosql,libjbig0, 26562,33,24,155
nosql,lib32stdc++6, 404308,5,1,155
nosql,libjson-glib-1.0-0, 56232,4,2,155
nosql,libx32stdc++-5-dev, 607036,1,1,155
nosql,libgl-dev,,4,2,155
